# This file uses centimeters as units for non-parametric coordinates.

mtllib PropLod0.mtl
g default
v 47.976295 33.862312 35.319229
v 48.672859 33.433334 34.744095
v 55.362385 54.031895 29.220747
v 56.058945 53.602917 28.645615
v 47.881374 54.031895 20.160233
v 48.577938 53.602917 19.585100
v 40.495285 33.862312 26.258713
v 41.191849 33.433334 25.683580
v -49.010845 33.426449 34.708092
v -48.332157 33.849365 35.308525
v -56.022594 53.659569 28.382429
v -55.343906 54.082489 28.982862
v -48.221844 53.615864 19.595802
v -47.543152 54.038780 20.196238
v -41.210094 33.382740 25.921465
v -40.531406 33.805660 26.521900
v -36.621109 -0.500000 32.795326
v 36.621109 -0.500000 32.795326
v -36.621109 0.500000 32.795326
v 36.621109 0.500000 32.795326
v -36.621109 0.500000 -32.795322
v 36.621109 0.500000 -32.795326
v -36.621109 -0.500000 -32.795326
v 36.621109 -0.500000 -32.795326
v 64.859100 -0.500000 -32.795326
v 64.859100 -0.500000 14.093946
v 64.859100 0.500000 -32.795326
v 64.859100 0.500000 14.093946
v -64.859100 -0.500000 -32.795326
v -64.859100 -0.500000 14.093946
v -64.859100 0.500000 14.093946
v -64.859100 0.500000 -32.795326
v -36.621109 0.500000 31.780500
v 36.621109 0.500000 31.780500
v 64.859100 0.500000 13.125992
v 64.859100 -0.500000 13.125998
v 36.621109 -0.500000 19.240383
v -36.621109 -0.500000 19.240383
v -64.859100 -0.500000 13.125998
v -64.859100 0.500000 13.125992
v -36.621109 -0.500000 18.254562
v 36.621109 -0.500000 18.254562
v 64.859100 -0.500000 12.086622
v 64.859100 0.500000 12.086624
v 36.621109 0.500000 25.351284
v -36.621109 0.500000 25.351284
v -64.859100 0.500000 12.086624
v -64.859100 -0.500000 12.086622
v -63.462215 -0.500000 -32.795326
v -63.462185 -0.500000 12.092217
v -63.462215 -0.500000 12.982494
v -63.462215 -0.500000 14.424740
v -63.462215 0.500000 14.424740
v -63.462185 0.500000 13.154412
v -63.462215 0.500000 6.820725
v -63.462215 0.500408 -32.795322
v 63.462215 -0.500000 -32.795326
v 63.462215 -0.500000 12.092216
v 63.462185 -0.500000 12.982494
v 63.462215 -0.500000 14.424740
v 63.462215 0.500000 14.424740
v 63.462215 0.500000 13.154408
v 63.462185 0.500000 6.820727
v 63.462215 0.500000 -32.795326
v -36.621109 -0.500000 -18.155252
v 36.621109 -0.500000 -18.155252
v 63.462215 -0.500000 -19.573986
v 64.859100 -0.500000 -19.647821
v 64.859100 0.500000 -19.647821
v 63.462215 0.500000 -19.573986
v 36.621109 0.500000 -18.155252
v -36.621109 0.500000 -18.155252
v -63.462215 0.500000 -19.573986
v -64.859100 0.500000 -19.647821
v -64.859100 -0.500000 -19.647821
v -63.462215 -0.500000 -19.573986
v 64.859100 0.500000 -18.935150
v 64.859100 -0.500000 -18.935162
v 63.462215 -0.500000 -18.857330
v 36.621109 -0.500000 -17.361696
v -36.621109 -0.500000 -17.361696
v -63.462185 -0.500000 -18.857330
v -64.859100 -0.500000 -18.935162
v -64.859100 0.500000 -18.935150
v -63.462215 0.500000 -18.857315
v -36.621109 0.500000 -17.361677
v 36.621109 0.500000 -17.361677
v 63.462215 0.500000 -18.857315
v 64.859100 0.500000 -3.169708
v 64.859100 -0.500000 -3.169719
v 63.462215 -0.500000 -3.003346
v 36.621109 -0.500000 0.193522
v -36.621109 -0.500000 0.193522
v -63.462185 -0.500000 -3.003345
v -64.859100 -0.500000 -3.169719
v -64.859100 0.500000 -3.169708
v -63.462215 0.500000 -3.003335
v -36.621109 0.500000 0.193534
v 36.621109 0.500000 0.193534
v 63.462185 0.500000 -3.003334
v 64.859100 0.500000 -2.272938
v 64.859100 -0.500000 -2.272948
v 63.462215 -0.500000 -2.101539
v 36.621109 -0.500000 1.192099
v -36.621109 -0.500000 1.192099
v -63.462185 -0.500000 -2.101537
v -64.859100 -0.500000 -2.272948
v -64.859100 0.500000 -2.272938
v -63.462215 0.500000 -2.101527
v -36.621109 0.500000 1.192111
v 36.621109 0.500000 1.192111
v 63.462185 0.500000 -2.101526
v -36.621109 29.751291 46.375069
v 36.621109 29.751291 46.375069
v 36.621109 32.209724 45.389259
v -36.621109 32.209724 45.389259
v 63.462215 29.751291 27.748974
v 63.462185 29.751291 26.858704
v -63.462185 29.751291 27.748981
v -63.462215 29.349796 26.858700
v -36.621109 33.435196 46.375069
v 36.621109 33.435196 46.375069
v 36.621109 33.435196 45.389259
v -36.621109 33.435196 45.389259
v 63.462215 33.435196 27.748974
v 63.462185 33.435196 26.858704
v -63.462185 33.435196 27.748981
v -63.462215 33.435196 26.858700
v 34.609966 31.808229 27.641705
v -34.609966 31.808229 27.641705
v -34.609966 33.435196 27.641705
v 34.609966 33.435196 27.641705
v 59.439903 31.808229 9.339049
v 59.439903 33.435196 9.339049
v -59.439903 31.808229 9.339046
v -59.439903 33.435196 9.339046
v -36.621109 24.893087 43.007545
v 36.621109 24.893087 43.007545
v 63.462215 24.893087 24.381453
v 63.462185 24.893087 23.491175
v 36.621109 24.893087 42.021736
v -36.621109 24.893087 42.021736
v -63.462215 24.893087 23.491175
v -63.462185 24.893087 24.381460
v -36.621109 23.495998 42.364521
v 36.621109 23.495998 42.364521
v 63.462215 23.495998 23.738432
v 63.462185 23.495998 17.404757
v 36.621109 23.495998 35.935310
v -36.621109 23.495998 35.935310
v -63.462215 23.495998 17.404753
v -63.462185 23.495998 23.738440
v 60.311565 23.457994 9.125174
v 35.045799 23.525936 27.508087
v 35.045799 24.923025 28.151085
v 60.311565 24.855083 9.768190
v -35.045799 23.525928 27.508083
v -35.045799 24.923018 28.151085
v -60.311596 23.457979 9.125162
v -60.311596 24.855068 9.768178
v -24.727015 -0.500000 32.795326
v 24.727015 -0.500000 32.795326
v 24.727015 -0.500000 19.240387
v -24.727015 -0.500000 19.240387
v -24.727015 -0.500000 18.254574
v 24.727015 -0.500000 18.254574
v 24.727015 -0.500000 1.192099
v -24.727015 -0.500000 1.192099
v 24.727015 -0.500000 0.193522
v -24.727015 -0.500000 0.193522
v 24.727015 -0.500000 -17.361696
v -24.727015 -0.500000 -17.361696
v -24.727015 -0.500000 -18.155252
v 24.727015 -0.500000 -18.155252
v -24.727015 -0.500000 -32.795326
v 24.727015 -0.500000 -32.795326
v -24.727015 0.500000 -32.795326
v 24.727015 0.500000 -32.795326
v 24.727015 0.500000 -18.155252
v -24.727015 0.500000 -18.155252
v -24.727015 0.500000 -17.361677
v 24.727015 0.500000 -17.361677
v -24.727015 0.500000 0.193534
v 24.727015 0.500000 0.193534
v -24.727015 0.500000 1.192111
v 24.727015 0.500000 1.192111
v 24.727015 0.500000 25.351284
v -24.727015 0.500000 25.351284
v 24.727015 23.495998 35.935314
v -24.727015 23.495998 35.935310
v 23.663342 23.525934 20.322821
v -23.663342 23.525930 20.322817
v 23.663342 24.923023 20.965837
v -23.663342 24.923019 20.965836
v 24.727015 24.893087 42.021736
v -24.727015 24.893087 42.021736
v 24.727015 32.209724 45.389259
v -24.727015 32.209724 45.389259
v 23.369062 31.808229 27.641705
v -23.369062 31.808229 27.641705
v 23.369062 33.435196 27.641705
v -23.369062 33.435196 27.641705
v 24.727015 33.435196 45.389259
v -24.727015 33.435196 45.389259
v -24.727015 33.435196 46.375069
v 24.727015 33.435196 46.375069
v -24.727015 29.751291 46.375069
v 24.727015 29.751291 46.375069
v -24.727015 24.893087 43.007545
v 24.727015 24.893087 43.007545
v -24.727015 23.495998 42.364521
v 24.727015 23.495998 42.364521
v -24.727015 0.500000 31.780500
v 24.727015 0.500000 31.780500
v -24.727015 0.500000 32.795326
v 24.727015 0.500000 32.795326
v 0.000000 -0.500000 19.240387
v 0.000000 -0.500000 18.254574
v 0.000000 -0.500000 1.192099
v 0.000000 -0.500000 0.193522
v 0.000000 -0.500000 -17.361696
v 0.000000 -0.500000 -18.155252
v 0.000000 -0.500000 -32.795326
v 0.000000 0.500000 -32.795326
v 0.000000 0.500000 -18.155252
v 0.000000 0.500000 -17.361677
v 0.000000 0.500000 0.193534
v 0.000000 0.500000 1.192111
v 0.000000 0.500000 25.351284
v 0.000000 23.495998 35.935310
v -0.000002 23.525932 13.189399
v -0.000002 24.923021 13.832420
v 0.000000 24.893087 42.021736
v 0.000000 32.209724 45.389259
v 0.000000 31.808229 27.641705
v 0.000000 33.435196 27.641705
v 0.000000 33.435196 45.389259
v 0.000000 33.435196 46.375069
v 0.000000 29.751291 46.375069
v 0.000000 24.893087 43.007545
v 0.000000 23.495998 42.364521
v 0.000000 0.500000 31.780500
v 0.000000 0.500000 32.795326
v -0.047428 -0.500000 32.795326
v 23.617466 -0.500000 19.240387
v 23.618538 -0.500000 32.772579
v 23.619583 -0.500000 32.795326
v 23.617464 0.500000 32.795326
v 23.617464 0.500000 31.780500
v 23.617464 23.495998 42.364521
v 23.617464 24.893087 43.007545
v 23.617464 29.751291 46.375069
v 23.617464 33.435196 46.375069
v 23.617466 33.435196 45.389263
v 22.320459 33.435196 27.641705
v 22.320459 31.808229 27.641705
v 23.617466 32.209724 45.389263
v 23.617466 24.893089 42.021736
v 22.601528 24.923023 16.563398
v 22.601528 23.525936 15.920380
v 23.617466 23.495998 35.935318
v 23.617466 0.500000 25.351288
v 23.617464 0.500000 1.192111
v 23.617464 0.500000 0.193534
v 23.617464 0.500000 -17.361677
v 23.617466 0.500000 -18.155252
v 23.617464 0.500000 -32.795326
v 23.617464 -0.500000 -32.795326
v 23.617464 -0.500000 -18.155252
v 23.617466 -0.500000 -17.361698
v 23.617466 -0.500000 0.193522
v 23.617466 -0.500000 1.192099
v 23.617464 -0.500000 18.254574
v -23.617464 -0.500000 19.240387
v -23.617466 -0.500000 18.254574
v -23.617464 -0.500000 1.192099
v -23.617464 -0.500000 0.193522
v -23.617466 0.500000 32.795326
v -23.617466 0.500000 31.780500
v -23.617466 23.495998 42.364521
v -23.617466 24.893089 43.007549
v -23.617466 29.751291 46.375072
v -23.617466 33.435196 46.375072
v -23.617464 33.435196 45.389259
v -22.320444 33.435196 27.641705
v -22.320444 31.808229 27.641705
v -23.617464 32.209724 45.389259
v -23.617464 24.893087 42.021736
v -22.601526 24.923019 16.563395
v -22.601526 23.525930 15.920376
v -23.617464 23.495998 35.935310
v -23.617464 0.500000 25.351284
v -23.617466 0.500000 1.192111
v -23.617466 0.500000 0.193534
v -23.617466 0.500000 -17.361677
v -23.617464 0.500000 -18.155252
v -23.617466 0.500000 -32.795326
v -23.617466 -0.500000 -32.795326
v -23.617466 -0.500000 -18.155252
v -23.617464 -0.500000 -17.361696
v -23.642332 -0.500000 32.795326
v 0.000000 24.836859 44.275505
v 0.000000 23.439770 43.632484
v 23.617464 23.439772 43.632484
v 23.617464 24.836861 44.275505
v 36.993279 23.484722 43.534821
v 64.206543 23.529673 24.811064
v 64.206543 24.926762 25.454084
v 36.993279 24.881811 44.177841
v -64.206512 23.529673 24.811068
v -36.993279 23.484722 43.534821
v -36.993279 24.881811 44.177841
v -64.206512 24.926762 25.454088
v -24.727015 23.439772 43.632484
v -24.727015 24.836861 44.275505
v 24.727015 23.439772 43.632484
v 24.727015 24.836861 44.275505
v -23.617466 23.439770 43.632484
v -23.617466 24.836861 44.275509
v -36.621109 -0.500000 -31.680799
v -24.727015 -0.500000 -31.680799
v -23.617466 -0.500000 -31.680799
v 0.000000 -0.500000 -31.680799
v 23.617464 -0.500000 -31.680799
v 24.727015 -0.500000 -31.680799
v 36.621109 -0.500000 -31.680799
v 63.462215 -0.500000 -31.788815
v 64.859100 -0.500000 -31.794434
v 64.859100 0.500000 -31.794434
v 63.462215 0.500000 -31.795092
v 36.621109 0.500000 -31.794472
v 24.727015 0.500000 -31.794472
v 23.617464 0.500000 -31.794472
v 0.000000 0.500000 -31.794472
v -23.617466 0.500000 -31.794472
v -24.727015 0.500000 -31.794472
v -36.621109 0.500000 -31.794472
v -63.462215 0.499980 -31.794418
v -64.859100 0.499980 -31.794434
v -64.859100 -0.500000 -31.794434
v -63.462215 -0.500000 -31.788815
v 0.000000 -0.500000 -32.795326
v 0.000000 0.500000 -32.795326
v 23.617464 0.500000 -32.795326
v 23.617464 -0.500000 -32.795326
v 36.621109 0.500000 -32.795326
v 36.621109 -0.500000 -32.795326
v 63.462215 0.500000 -32.795326
v 63.462215 -0.500000 -32.795326
v -36.621109 -0.500000 -32.795326
v -63.462215 -0.500000 -32.795326
v -24.727015 0.500000 -32.795326
v -24.727015 -0.500000 -32.795326
v 24.727015 0.500000 -32.795326
v 24.727015 -0.500000 -32.795326
v -23.617466 0.500000 -32.795326
v -23.617466 -0.500000 -32.795326
v 0.000000 -0.500000 -32.795326
v 0.000000 0.500000 -32.795326
v 23.617464 0.500000 -32.795326
v 23.617464 -0.500000 -32.795326
v 36.621109 0.500000 -32.795326
v 36.621109 -0.500000 -32.795326
v -36.621109 -0.500000 -32.795326
v -63.462215 -0.500000 -32.795326
v -24.727015 0.500000 -32.795326
v -24.727015 -0.500000 -32.795326
v 24.727015 0.500000 -32.795326
v 24.727015 -0.500000 -32.795326
v -23.617466 0.500000 -32.795326
v -23.617466 -0.500000 -32.795326
v -63.462215 -0.500000 -32.795326
v -64.859100 -0.500000 -32.795326
v 0.000000 -0.500000 -32.795326
v 0.000000 0.500000 -32.795326
v 23.617464 0.500000 -32.795326
v 23.617464 -0.500000 -32.795326
v 36.621109 -0.500000 -32.795326
v 63.462215 -0.500000 -32.795326
v -36.621109 -0.500000 -32.795326
v -63.462215 -0.500000 -32.795326
v -24.727015 0.500000 -32.795326
v -24.727015 -0.500000 -32.795326
v 24.727015 0.500000 -32.795326
v 24.727015 -0.500000 -32.795326
v -23.617466 0.500000 -32.795326
v -23.617466 -0.500000 -32.795326
v -64.859100 -0.500000 -32.795326
v -64.859100 0.500000 -32.795326
v 64.859100 0.500000 -32.795326
v 64.859100 -0.500000 -32.795326
v 0.000000 -0.500000 -49.939713
v 0.000000 0.500000 -49.939713
v 23.617464 0.500000 -49.939713
v 23.617464 -0.500000 -49.939713
v 36.621109 0.500000 -49.939713
v 36.621109 -0.500000 -49.939713
v 63.462215 0.500000 -49.939713
v 63.462215 -0.500000 -49.939713
v -36.621109 0.500000 -49.939713
v -36.621109 -0.500000 -49.939713
v -63.462215 -0.500000 -49.939713
v -63.462215 0.500000 -49.939713
v -24.727015 0.500000 -49.939713
v -24.727015 -0.500000 -49.939713
v 24.727015 0.500000 -49.939713
v 24.727015 -0.500000 -49.939713
v -23.617466 0.500000 -49.939713
v -23.617466 -0.500000 -49.939713
v -64.859100 -0.500000 -49.939713
v -64.859100 0.500000 -49.939713
v 64.859100 0.500000 -49.939713
v 64.859100 -0.500000 -49.939713
v 0.000000 -0.500000 -48.419605
v -23.617466 -0.500000 -48.419605
v -24.727015 -0.500000 -48.419605
v -36.621109 -0.500000 -48.419605
v -63.462215 -0.500000 -48.419605
v 63.462215 -0.500000 -48.419605
v 36.621109 -0.500000 -48.419605
v 24.727015 -0.500000 -48.419605
v 23.617464 -0.500000 -48.419605
v 64.859100 0.500000 -48.419605
v 64.859100 -0.500000 -48.419605
v -64.859100 0.500000 -48.419605
v -64.859100 -0.500000 -48.419605
v 0.000000 34.856026 -48.419605
v 23.617464 34.856026 -48.419605
v 23.617464 34.856026 -49.939713
v 0.000000 34.856026 -49.939713
v -36.621109 34.856026 -48.419605
v -24.727015 34.856026 -48.419605
v -24.727015 34.856026 -49.939713
v -36.621109 34.856026 -49.939713
v 24.727015 34.856026 -48.419605
v 36.621109 34.856026 -48.419605
v 36.621109 34.856026 -49.939713
v 24.727015 34.856026 -49.939713
v -23.617466 34.856026 -48.419605
v -23.617466 34.856026 -49.939713
v -36.621109 34.856026 -32.795326
v -63.462215 34.856026 -32.795326
v -63.462215 34.856026 -48.419605
v -24.727015 34.856026 -32.795326
v -23.617466 34.856026 -32.795326
v 0.000000 34.856026 -32.795326
v 23.617464 34.856026 -32.795326
v 24.727015 34.856026 -32.795326
v 36.621109 34.856026 -32.795326
v 63.462215 34.856026 -32.795326
v 63.462215 34.856026 -48.419605
v 63.462215 34.856026 -49.939713
v -63.462215 34.856026 -49.939713
v -64.859100 34.856026 -48.419605
v -64.859100 34.856026 -32.795326
v 64.859100 34.856026 -48.419605
v 64.859100 34.856026 -49.939713
v 64.859100 34.856026 -32.795326
v -64.859100 34.856026 -49.939713
v 0.000000 104.584587 -48.419605
v 23.617464 100.168274 -48.419605
v 23.617464 92.873924 -49.939713
v 0.000000 92.873924 -49.939713
v -36.621109 92.873924 -48.419605
v -24.727015 92.873924 -48.419605
v -24.727015 92.873924 -49.939713
v -36.621109 92.873924 -49.939713
v 24.727015 92.873924 -48.419605
v 36.621109 92.873924 -48.419605
v 36.621109 92.873924 -49.939713
v 24.727015 92.873924 -49.939713
v -23.617466 100.168274 -48.419605
v -23.617466 92.873924 -49.939713
v 63.462215 92.873924 -48.419605
v 63.462215 92.873924 -49.939713
v -63.462215 92.873924 -48.419605
v -63.462215 92.873924 -49.939713
v -64.859100 92.873924 -48.419605
v -64.859100 92.873924 -32.795326
v -63.462215 92.873924 -32.795326
v 64.859100 92.873924 -48.419605
v 64.859100 92.873924 -49.939713
v 63.462215 92.873924 -32.795326
v 64.859100 92.873924 -32.795326
v -64.859100 92.873924 -49.939713
v 0.000000 102.627693 -48.419605
v 23.051706 98.673073 -48.419605
v 24.263855 90.983002 -48.419605
v 36.621109 90.983002 -48.419605
v 63.462215 90.983002 -48.419605
v 63.462215 90.983002 -32.795326
v 64.859100 90.983002 -32.795326
v 64.859100 90.983002 -48.419605
v 64.859100 90.983002 -49.939713
v 63.462215 90.983002 -49.939713
v 36.621109 90.983002 -49.939713
v 25.239998 90.983002 -49.939713
v 24.130447 90.983002 -49.939713
v 0.000000 90.983002 -49.939713
v -24.130449 90.983002 -49.939713
v -25.239998 90.983002 -49.939713
v -36.621109 90.983002 -49.939713
v -63.462215 90.983002 -49.939713
v -64.859100 90.983002 -49.939713
v -64.859100 90.983002 -48.419605
v -64.859100 90.983002 -32.795326
v -63.462215 90.983002 -32.795326
v -63.462215 90.983002 -48.419605
v -36.621109 90.983002 -48.419605
v -24.263855 90.983002 -48.419605
v -23.051708 98.673073 -48.419605
v 0.000000 102.623871 -33.668289
v 23.051706 98.669250 -33.668289
v 23.617464 100.164452 -33.668289
v 0.000000 104.580765 -33.668289
v -36.621109 90.979179 -28.985714
v -24.263855 90.979179 -28.985714
v -24.727015 92.870102 -28.985714
v -36.621109 92.870102 -28.985714
v 24.263855 90.979179 -28.985714
v 36.621109 90.979179 -28.985714
v 36.621109 92.870102 -28.985714
v 24.727015 92.870102 -28.985714
v -23.051708 98.669250 -33.668289
v -23.617466 100.164452 -33.668289
v -37.872807 -0.500000 -32.795326
v -37.872807 -0.500000 -31.685833
v -37.872807 -0.500000 -18.221413
v -37.872807 -0.500000 -17.431444
v -37.872807 -0.500000 0.044440
v -37.872807 -0.500000 1.038504
v -37.872807 -0.500000 17.967188
v -37.872807 -0.500000 18.948555
v -37.872807 -0.500000 31.938637
v -37.872807 0.500000 31.938637
v -37.872807 0.500000 30.911890
v -37.872807 23.495998 41.495914
v -38.262329 23.486818 42.661655
v -38.262329 24.883907 43.304680
v -37.872807 24.893087 42.138935
v -37.872807 29.751291 45.506458
v -37.872807 33.435196 45.506458
v -37.872807 33.435196 44.525108
v -35.767879 33.435196 26.788177
v -35.767879 31.808229 26.788177
v -37.872807 32.209724 44.525108
v -37.872807 24.893089 41.157578
v -36.224030 24.919849 27.293818
v -36.224030 23.522760 26.650818
v -37.872807 23.495998 35.071159
v -37.872807 0.500000 24.487129
v -37.872807 0.500000 1.038515
v -37.872807 0.500000 0.044451
v -37.872807 0.500000 -17.431425
v -37.872807 0.500000 -18.221413
v -37.872807 0.500000 -31.799509
v -37.872807 34.856026 -32.795326
v -37.872807 34.856026 -48.419605
v -37.872807 90.983002 -48.419605
v -37.872807 90.979362 -33.627579
v -37.872807 92.870277 -33.627579
v -37.872807 92.873924 -48.419605
v -37.872807 92.873924 -49.939713
v -37.872807 90.983002 -49.939713
v -37.872807 34.856026 -49.939713
v -37.872807 0.500000 -49.939713
v -37.872807 -0.500000 -49.939713
v -37.872807 -0.500000 -48.419605
v -37.872807 -0.500000 -32.795326
v 37.872807 -0.500000 -32.795326
v 37.872807 -0.500000 -18.221413
v 37.872807 -0.500000 -17.431444
v 37.872807 -0.500000 0.044439
v 37.872807 -0.500000 1.038504
v 37.872807 -0.500000 17.967188
v 37.872807 -0.500000 18.948555
v 37.872807 -0.500000 31.938637
v 37.872807 0.500000 31.938637
v 37.872807 0.500000 30.911896
v 37.872807 23.495998 41.495914
v 38.262329 23.486820 42.661659
v 38.262329 24.883907 43.304680
v 37.872807 24.893089 42.138939
v 37.872807 29.751291 45.506462
v 37.872807 33.435196 45.506462
v 37.872807 33.435196 44.525105
v 35.767883 33.435196 26.788174
v 35.767883 31.808229 26.788174
v 37.872807 32.209724 44.525105
v 37.872807 24.893087 41.157574
v 36.224045 24.919857 27.293814
v 36.224045 23.522768 26.650818
v 37.872807 23.495998 35.071156
v 37.872807 0.500000 24.487125
v 37.872807 0.500000 1.038516
v 37.872807 0.500000 0.044452
v 37.872807 0.500000 -17.431425
v 37.872807 0.500000 -18.221413
v 37.872807 0.500000 -31.799509
v 37.872807 34.856026 -32.795326
v 37.872807 34.856026 -48.419605
v 37.872807 90.983002 -48.419605
v 37.872807 90.979355 -33.627579
v 37.872807 92.870277 -33.627579
v 37.872807 92.873924 -48.419605
v 37.872807 92.873924 -49.939713
v 37.872807 90.983002 -49.939713
v 37.872807 34.856026 -49.939713
v 37.872807 0.500000 -49.939713
v 37.872807 -0.500000 -49.939713
v 37.872807 -0.500000 -48.419605
v 37.872807 0.500000 -32.795326
v -37.873009 0.500019 -32.795322
v 0.000000 56.522064 -48.419605
v 23.425243 56.538441 -48.419605
v 24.569651 53.925671 -48.419605
v 36.621109 53.925671 -48.419605
v 37.872807 53.925671 -48.419605
v 63.462215 53.925671 -48.419605
v 63.462215 53.925671 -32.795326
v 64.859100 53.925671 -32.795326
v 64.859100 53.925671 -48.419605
v 64.859100 53.925671 -49.939713
v 63.462215 53.925671 -49.939713
v 37.872807 53.925671 -49.939713
v 36.621109 53.925671 -49.939713
v 24.901306 53.925671 -49.939713
v 23.791750 53.925671 -49.939713
v 0.000000 53.925671 -49.939713
v -23.791758 53.925671 -49.939713
v -24.901306 53.925671 -49.939713
v -36.621109 53.925671 -49.939713
v -37.872807 53.925671 -49.939713
v -63.462215 53.925671 -49.939713
v -64.859100 53.925671 -49.939713
v -64.859100 53.925671 -48.419605
v -64.859100 53.925671 -32.795326
v -63.462215 53.925671 -32.795326
v -63.462215 53.925671 -48.419605
v -37.872807 53.925671 -48.419605
v -36.621109 53.925671 -48.419605
v -24.569651 53.925671 -48.419605
v -23.425247 56.538441 -48.419605
v -37.872807 54.839798 -49.939713
v -36.621109 54.839794 -49.939713
v -24.909655 54.839794 -49.939713
v -23.800106 54.839794 -49.939713
v 0.000000 54.908478 -49.939713
v 23.800104 54.839794 -49.939713
v 24.909655 54.839794 -49.939713
v 36.621109 54.839794 -49.939713
v 37.872807 54.839798 -49.939713
v 63.462215 54.839794 -49.939713
v 64.859100 54.839794 -49.939713
v 64.859100 54.839794 -48.419605
v 64.859100 54.839794 -32.795326
v 63.462215 54.839794 -32.795326
v 63.462215 54.839794 -48.419605
v 37.872807 54.839794 -48.419605
v 36.621109 54.839794 -48.419605
v 24.562107 54.839794 -48.419605
v 23.416027 57.577808 -48.419605
v 0.000000 57.557159 -48.419605
v -23.416029 57.577808 -48.419605
v -24.562107 54.839794 -48.419605
v -36.621109 54.839794 -48.419605
v -37.872807 54.839794 -48.419605
v -63.462215 54.839794 -48.419605
v -63.462215 54.839794 -32.795326
v -64.859100 54.839794 -32.795326
v -64.859100 54.839794 -48.419605
v -64.859100 54.839794 -49.939713
v -63.462215 54.839794 -49.939713
v 20.937550 53.925671 -33.909542
v 32.989006 53.925671 -33.909542
v 32.989006 54.839794 -33.909542
v 20.930006 54.839794 -33.909542
v 34.240700 53.925671 -33.909542
v 34.240700 54.839794 -33.909542
v -34.240704 53.925671 -33.909542
v -34.240704 54.839794 -33.909542
v -32.989006 53.925671 -33.909542
v -20.937550 53.925671 -33.909542
v -20.930006 54.839794 -33.909542
v -32.989006 54.839794 -33.909542
v 0.000000 56.522064 -35.012459
v 19.037762 56.538441 -35.012459
v 19.028545 57.577808 -35.012459
v 0.000000 57.557159 -35.012459
v -19.037766 56.538441 -35.012459
v -19.028547 57.577808 -35.012459
v 53.987057 31.525490 23.017241
v 53.845016 31.525490 22.738472
v 53.623783 31.525490 22.517241
v 53.345016 31.525490 22.375200
v 53.035999 31.525490 22.326258
v 52.726982 31.525490 22.375200
v 52.448215 31.525490 22.517241
v 52.226982 31.525490 22.738472
v 52.084942 31.525490 23.017241
v 52.035999 31.525490 23.326258
v 52.084942 31.525490 23.635275
v 52.226982 31.525490 23.914043
v 52.448215 31.525490 24.135275
v 52.726982 31.525490 24.277315
v 53.035999 31.525490 24.326258
v 53.345016 31.525490 24.277315
v 53.623783 31.525490 24.135275
v 53.845016 31.525490 23.914043
v 53.987057 31.525490 23.635275
v 54.035999 31.525490 23.326258
v 53.987057 127.510391 23.017241
v 53.845016 127.510391 22.738472
v 53.623783 127.510391 22.517241
v 53.345016 127.510391 22.375200
v 53.035999 127.510391 22.326258
v 52.726982 127.510391 22.375200
v 52.448215 127.510391 22.517241
v 52.226982 127.510391 22.738472
v 52.084942 127.510391 23.017241
v 52.035999 127.510391 23.326258
v 52.084942 127.510391 23.635275
v 52.226982 127.510391 23.914043
v 52.448215 127.510391 24.135275
v 52.726982 127.510391 24.277315
v 53.035999 127.510391 24.326258
v 53.345016 127.510391 24.277315
v 53.623783 127.510391 24.135275
v 53.845016 127.510391 23.914043
v 53.987057 127.510391 23.635275
v 54.035999 127.510391 23.326258
v 53.035999 31.525490 23.326258
v 53.035999 127.510391 23.326258
v -52.084614 31.525490 23.017241
v -52.226654 31.525490 22.738472
v -52.447887 31.525490 22.517241
v -52.726654 31.525490 22.375200
v -53.035671 31.525490 22.326258
v -53.344688 31.525490 22.375200
v -53.623455 31.525490 22.517241
v -53.844688 31.525490 22.738472
v -53.986729 31.525490 23.017241
v -54.035671 31.525490 23.326258
v -53.986729 31.525490 23.635275
v -53.844688 31.525490 23.914043
v -53.623455 31.525490 24.135275
v -53.344688 31.525490 24.277315
v -53.035671 31.525490 24.326258
v -52.726654 31.525490 24.277315
v -52.447887 31.525490 24.135275
v -52.226654 31.525490 23.914043
v -52.084614 31.525490 23.635275
v -52.035671 31.525490 23.326258
v -52.084614 127.510391 23.017241
v -52.226654 127.510391 22.738472
v -52.447887 127.510391 22.517241
v -52.726654 127.510391 22.375200
v -53.035671 127.510391 22.326258
v -53.344688 127.510391 22.375200
v -53.623455 127.510391 22.517241
v -53.844688 127.510391 22.738472
v -53.986729 127.510391 23.017241
v -54.035671 127.510391 23.326258
v -53.986729 127.510391 23.635275
v -53.844688 127.510391 23.914043
v -53.623455 127.510391 24.135275
v -53.344688 127.510391 24.277315
v -53.035671 127.510391 24.326258
v -52.726654 127.510391 24.277315
v -52.447887 127.510391 24.135275
v -52.226654 127.510391 23.914043
v -52.084614 127.510391 23.635275
v -52.035671 127.510391 23.326258
v -53.035671 31.525490 23.326258
v -53.035671 127.510391 23.326258
v -70.380402 134.583847 76.800491
v 70.380402 134.583847 76.800491
v -70.380402 136.420258 76.623764
v 70.380402 136.420258 76.623764
v -70.380402 113.524689 -50.889801
v 70.380402 113.524689 -50.889801
v -70.380402 111.688286 -50.713074
v 70.380402 111.688286 -50.713074
v 0.000000 134.583847 76.800491
v 0.000000 111.688286 -50.713074
v 0.000000 113.524689 -50.889801
v 0.000000 136.420258 76.623764
v -63.342361 134.583847 76.800491
v -63.342361 111.688278 -50.713074
v -63.342361 113.524681 -50.889793
v -63.342361 136.420258 76.623764
v 63.342361 134.583847 76.800491
v 63.342361 111.688286 -50.713074
v 63.342361 113.524689 -50.889801
v 63.342361 136.420258 76.623764
v -61.638161 136.454468 76.800491
v -61.638161 138.290878 76.623764
v -61.638161 115.395287 -50.889793
v -61.638161 113.558884 -50.713074
v 61.638134 136.454453 76.800491
v 61.638134 138.290863 76.623764
v 61.638134 115.395294 -50.889801
v 61.638134 113.558891 -50.713074
v -49.310528 136.454468 76.800491
v -49.310528 138.290878 76.623764
v -49.310528 115.395294 -50.889801
v -49.310528 113.558891 -50.713074
v 49.310509 136.454453 76.800491
v 49.310509 138.290863 76.623764
v 49.310509 115.395294 -50.889801
v 49.310509 113.558899 -50.713074
v -47.646503 134.583862 76.800491
v -47.646503 136.420273 76.623764
v -47.646503 113.524689 -50.889801
v -47.646503 111.688286 -50.713074
v 47.646477 134.583847 76.800491
v 47.646477 136.420258 76.623764
v 47.646477 113.524689 -50.889801
v 47.646477 111.688293 -50.713074
v -33.352551 134.583862 76.800491
v -33.352551 136.420273 76.623764
v -33.352551 113.524689 -50.889801
v -33.352551 111.688286 -50.713074
v 33.352531 134.583847 76.800491
v 33.352531 136.420258 76.623764
v 33.352531 113.524689 -50.889801
v 33.352531 111.688293 -50.713074
v -31.998358 136.454468 76.800491
v -31.998358 138.290878 76.623764
v -31.998358 115.395302 -50.889801
v -31.998358 113.558899 -50.713074
v 31.998350 136.454453 76.800491
v 31.998350 138.290863 76.623764
v 31.998350 115.395294 -50.889801
v 31.998350 113.558899 -50.713074
v -19.199015 136.454468 76.800491
v -19.199015 138.290878 76.623764
v -19.199015 115.395294 -50.889801
v -19.199015 113.558899 -50.713074
v 19.199011 136.454453 76.800491
v 19.199011 138.290863 76.623764
v 19.199011 115.395294 -50.889801
v 19.199011 113.558899 -50.713074
v -17.922445 134.583862 76.800491
v -17.922445 136.420273 76.623764
v -17.922445 113.524689 -50.889801
v -17.922445 111.688286 -50.713074
v 17.922449 134.583847 76.800491
v 17.922449 136.420258 76.623764
v 17.922449 113.524689 -50.889801
v 17.922449 111.688293 -50.713074
v -5.418649 134.583847 76.800491
v -5.778514 136.420258 76.623764
v -5.519902 113.524689 -50.889801
v -5.418649 111.688293 -50.713078
v 5.418650 134.583847 76.800491
v 5.778515 136.420258 76.623764
v 5.519903 113.524689 -50.889801
v 5.418651 111.688293 -50.713078
v 53.987057 90.839119 -41.303299
v 53.845016 90.839119 -41.582062
v 53.623783 90.839119 -41.803299
v 53.345016 90.839119 -41.945335
v 53.035999 90.839119 -41.994278
v 52.726982 90.839119 -41.945335
v 52.448215 90.839119 -41.803299
v 52.226982 90.839119 -41.582062
v 52.084942 90.839119 -41.303291
v 52.035999 90.839119 -40.994278
v 52.084942 90.839119 -40.685265
v 52.226982 90.839119 -40.406494
v 52.448215 90.839119 -40.185265
v 52.726982 90.839119 -40.043221
v 53.035999 90.839119 -39.994278
v 53.345016 90.839119 -40.043221
v 53.623783 90.839119 -40.185265
v 53.845016 90.839119 -40.406494
v 53.987057 90.839119 -40.685265
v 54.035999 90.839119 -40.994278
v 53.987057 116.170181 -41.303299
v 53.845016 116.170181 -41.582062
v 53.623783 116.170181 -41.803299
v 53.345016 116.170181 -41.945335
v 53.035999 116.170181 -41.994278
v 52.726982 116.170181 -41.945335
v 52.448215 116.170181 -41.803299
v 52.226982 116.170181 -41.582062
v 52.084942 116.170181 -41.303291
v 52.035999 116.170181 -40.994278
v 52.084942 116.170181 -40.685265
v 52.226982 116.170181 -40.406494
v 52.448215 116.170181 -40.185265
v 52.726982 116.170181 -40.043221
v 53.035999 116.170181 -39.994278
v 53.345016 116.170181 -40.043221
v 53.623783 116.170181 -40.185265
v 53.845016 116.170181 -40.406494
v 53.987057 116.170181 -40.685265
v 54.035999 116.170181 -40.994278
v 53.035999 90.839119 -40.994278
v 53.035999 116.170181 -40.994278
v -52.084614 90.839119 -41.303299
v -52.226654 90.839119 -41.582062
v -52.447887 90.839119 -41.803299
v -52.726654 90.839119 -41.945335
v -53.035671 90.839119 -41.994278
v -53.344688 90.839119 -41.945335
v -53.623455 90.839119 -41.803299
v -53.844688 90.839119 -41.582062
v -53.986729 90.839119 -41.303291
v -54.035671 90.839119 -40.994278
v -53.986729 90.839119 -40.685265
v -53.844688 90.839119 -40.406494
v -53.623455 90.839119 -40.185265
v -53.344688 90.839119 -40.043221
v -53.035671 90.839119 -39.994278
v -52.726654 90.839119 -40.043221
v -52.447887 90.839119 -40.185265
v -52.226654 90.839119 -40.406494
v -52.084614 90.839119 -40.685265
v -52.035671 90.839119 -40.994278
v -52.084614 116.170181 -41.303299
v -52.226654 116.170181 -41.582062
v -52.447887 116.170181 -41.803299
v -52.726654 116.170181 -41.945335
v -53.035671 116.170181 -41.994278
v -53.344688 116.170181 -41.945335
v -53.623455 116.170181 -41.803299
v -53.844688 116.170181 -41.582062
v -53.986729 116.170181 -41.303291
v -54.035671 116.170181 -40.994278
v -53.986729 116.170181 -40.685265
v -53.844688 116.170181 -40.406494
v -53.623455 116.170181 -40.185265
v -53.344688 116.170181 -40.043221
v -53.035671 116.170181 -39.994278
v -52.726654 116.170181 -40.043221
v -52.447887 116.170181 -40.185265
v -52.226654 116.170181 -40.406494
v -52.084614 116.170181 -40.685265
v -52.035671 116.170181 -40.994278
v -53.035671 90.839119 -40.994278
v -53.035671 116.170181 -40.994278
v -36.621109 32.330025 47.946884
v -24.727015 32.330025 51.368324
v -23.617466 32.330025 51.368324
v 0.000000 32.330025 51.368320
v 23.617464 32.330025 51.368320
v 24.727015 32.330025 51.368324
v 36.621109 32.330025 47.946884
v 37.872807 32.330025 47.078278
v 63.462215 32.330025 29.320789
v 63.462189 32.330025 26.858704
v 59.439903 32.947105 7.917221
v 35.767883 32.947105 25.366344
v 34.609966 32.947105 26.219875
v 23.369062 32.947105 26.219875
v 22.320459 32.947105 26.219875
v 0.000000 32.947105 26.219875
v -22.320444 32.947105 26.219875
v -23.369062 32.947105 26.219875
v -34.609966 32.947105 26.219875
v -35.767879 32.947105 25.366348
v -59.439903 32.947105 7.917217
v -63.462215 32.209576 26.858700
v -63.462189 32.330025 29.320797
v -37.872807 32.330025 47.078274
v -36.621109 30.782784 47.946884
v -24.727015 30.782784 51.368324
v -23.617466 30.782784 51.368332
v 0.000000 30.782784 51.368320
v 23.617466 30.782784 51.368320
v 24.727016 30.782784 51.368324
v 36.621109 30.782784 47.946884
v 37.872807 30.782784 47.078278
v 63.462219 30.782784 29.320789
v 63.462189 30.782784 26.858704
v 59.439903 32.263779 7.917221
v 35.767883 32.263779 25.366344
v 34.609966 32.263779 26.219875
v 23.369062 32.263779 26.219875
v 22.320459 32.263779 26.219875
v 0.000000 32.263779 26.219875
v -22.320444 32.263779 26.219875
v -23.369062 32.263779 26.219875
v -34.609966 32.263779 26.219875
v -35.767879 32.263779 25.366348
v -59.439903 32.263779 7.917217
v -63.462219 30.493710 26.858700
v -63.462189 30.782784 29.320797
v -37.872807 30.782784 47.078278
v 5.418651 125.963104 28.028011
v 0.000000 125.930885 27.848598
v -5.418649 125.963104 28.028011
v 5.418651 117.200340 -19.686852
v 0.000000 117.200340 -19.686825
v -5.418649 117.200340 -19.686852
v 5.418653 123.153633 27.567003
v -0.000000 123.121414 27.388786
v -0.000000 114.878761 -18.382671
v 5.418653 114.878761 -18.382698
v -5.418651 123.153633 27.567003
v -5.418651 114.878761 -18.382696
v -5.509978 125.697021 16.902239
v -0.000508 125.691902 16.873760
v 5.510936 125.698021 16.907784
v -5.523969 117.278282 -29.984697
v -0.000034 117.276741 -29.993246
v 5.523948 117.278305 -29.984606
v -5.378469 119.929291 -29.430061
v 0.035286 119.966866 -29.424936
v -5.322304 127.986160 15.425615
v 0.222269 127.965324 15.438543
v 5.316557 119.976402 -29.391220
v 5.342322 128.007782 15.338399
vt 0.273288 0.955759
vt 0.273288 0.943105
vt 0.273288 0.941925
vt 0.273288 0.916798
vt 0.273288 0.891672
vt 0.273288 0.890492
vt 0.560128 0.917621
vt 0.560128 0.917621
vt 0.279206 0.903146
vt 0.279144 0.890504
vt 0.279206 0.904326
vt 0.279206 0.929452
vt 0.279206 0.954578
vt 0.279206 0.955759
vt 0.575010 0.917546
vt 0.575010 0.917546
vt 0.279206 0.904326
vt 0.279206 0.928597
vt 0.273288 0.916798
vt 0.273288 0.891672
vt 0.560128 0.917621
vt 0.560128 0.917546
vt 0.560128 0.917546
vt 0.575010 0.917546
vt 0.575010 0.917546
vt 0.575010 0.917546
vt 0.273288 0.955759
vt 0.273288 0.943105
vt 0.279206 0.890492
vt 0.279206 0.903146
vt 0.273288 0.890492
vt 0.279206 0.954578
vt 0.279206 0.955759
vt 0.273288 0.939215
vt 0.279206 0.904326
vt 0.279206 0.928597
vt 0.273288 0.916798
vt 0.273288 0.891672
vt 0.302704 0.968413
vt 0.302912 0.890492
vt 0.302912 0.890492
vt 0.302912 0.968413
vt 0.582450 0.917546
vt 0.582450 0.917546
vt 0.582450 0.917546
vt 0.582450 0.917546
vt 0.296848 0.890492
vt 0.296848 0.968413
vt 0.296848 0.968413
vt 0.296848 0.890492
vt 0.552688 0.918112
vt 0.552688 0.918112
vt 0.552688 0.918112
vt 0.552688 0.918112
vt 0.362954 0.991057
vt 0.362954 0.978403
vt 0.362954 0.978403
vt 0.362954 0.991057
vt 0.355513 0.981112
vt 0.355513 0.993766
vt 0.355513 0.993766
vt 0.355513 0.981112
vt 0.370394 0.989796
vt 0.371545 0.977222
vt 0.371545 0.977222
vt 0.371545 0.989876
vt 0.377835 0.977222
vt 0.377835 0.989876
vt 0.377835 0.989876
vt 0.377835 0.977222
vt 0.362954 0.978403
vt 0.362954 0.977222
vt 0.362954 0.977222
vt 0.355513 0.977222
vt 0.355513 0.981112
vt 0.355513 0.979931
vt 0.530366 0.917546
vt 0.530366 0.918727
vt 0.530366 0.918727
vt 0.530366 0.917546
vt 0.240185 0.979716
vt 0.240185 0.953735
vt 0.240185 0.979716
vt 0.279206 0.928597
vt 0.279206 0.904326
vt 0.279206 0.929452
vt 0.273288 0.916798
vt 0.273288 0.891672
vt 0.552688 0.918112
vt 0.552688 0.918112
vt 0.552688 0.917546
vt 0.290918 0.890492
vt 0.290992 0.968413
vt 0.290918 0.968413
vt 0.290918 0.890492
vt 0.567569 0.917621
vt 0.567569 0.917546
vt 0.567569 0.917546
vt 0.567569 0.917546
vt 0.285062 0.968413
vt 0.285062 0.890492
vt 0.285062 0.890492
vt 0.285062 0.968413
vt 0.545247 0.917546
vt 0.545247 0.917546
vt 0.545247 0.918697
vt 0.545247 0.917546
vt 0.385276 0.990995
vt 0.385276 0.978341
vt 0.385276 0.978341
vt 0.385276 0.990995
vt 0.392716 0.978341
vt 0.392716 0.990995
vt 0.392716 0.990995
vt 0.392716 0.978341
vt 0.537807 0.918727
vt 0.537807 0.917546
vt 0.537807 0.917546
vt 0.537807 0.918727
vt 0.247625 0.979716
vt 0.247625 0.953735
vt 0.247625 0.954590
vt 0.247625 0.979716
vt 0.820902 0.685758
vt 0.818687 0.685758
vt 0.818687 0.683456
vt 0.820902 0.683456
vt 0.818687 0.687901
vt 0.820902 0.687901
vt 0.818687 0.651660
vt 0.820902 0.651660
vt 0.818687 0.649674
vt 0.820902 0.649675
vt 0.818687 0.614765
vt 0.820902 0.614766
vt 0.818687 0.613187
vt 0.820902 0.613187
vt 0.818687 0.586291
vt 0.820902 0.586291
vt 0.818687 0.584075
vt 0.820902 0.584075
vt 0.830202 0.588520
vt 0.827988 0.588520
vt 0.827988 0.586219
vt 0.830202 0.586219
vt 0.830202 0.620316
vt 0.827988 0.620316
vt 0.827988 0.584075
vt 0.830202 0.584075
vt 0.830202 0.622302
vt 0.827988 0.622302
vt 0.830202 0.657211
vt 0.827988 0.657211
vt 0.830202 0.658789
vt 0.827988 0.658789
vt 0.830202 0.685685
vt 0.827988 0.685685
vt 0.827988 0.687901
vt 0.830202 0.687901
vt 0.762855 0.788948
vt 0.762855 0.786976
vt 0.773613 0.794433
vt 0.773613 0.796404
vt 0.759762 0.787524
vt 0.759762 0.773499
vt 0.775897 0.794433
vt 0.775897 0.799885
vt 0.708842 0.764088
vt 0.708842 0.750063
vt 0.759678 0.755166
vt 0.762771 0.756590
vt 0.762930 0.791323
vt 0.759836 0.789899
vt 0.779176 0.752491
vt 0.778167 0.755640
vt 0.779323 0.794433
vt 0.779323 0.799885
vt 0.759762 0.826844
vt 0.708842 0.803408
vt 0.780689 0.752491
vt 0.781770 0.794433
vt 0.781770 0.796404
vt 0.779323 0.839205
vt 0.775897 0.839205
vt 0.708842 0.805331
vt 0.759762 0.828767
vt 0.781770 0.755640
vt 0.775897 0.841128
vt 0.779323 0.841128
vt 0.684072 0.873243
vt 0.684072 0.871272
vt 0.694829 0.863816
vt 0.693940 0.865787
vt 0.680978 0.886720
vt 0.680978 0.872696
vt 0.697113 0.860335
vt 0.696473 0.865787
vt 0.630059 0.910156
vt 0.630059 0.896132
vt 0.681053 0.870321
vt 0.684147 0.868897
vt 0.683988 0.903630
vt 0.680894 0.905054
vt 0.700539 0.860335
vt 0.700273 0.865787
vt 0.700393 0.907729
vt 0.699384 0.904580
vt 0.630059 0.856812
vt 0.680978 0.833376
vt 0.697113 0.821015
vt 0.700539 0.821015
vt 0.702987 0.863816
vt 0.702987 0.865787
vt 0.701906 0.907729
vt 0.630059 0.854889
vt 0.680978 0.831453
vt 0.700539 0.819092
vt 0.697113 0.819092
vt 0.702987 0.904580
vt 0.403250 0.988089
vt 0.400157 0.989513
vt 0.400157 0.979765
vt 0.403250 0.978341
vt 0.412551 0.994134
vt 0.409457 0.992710
vt 0.409457 0.982962
vt 0.412551 0.984386
vt 0.640874 0.608526
vt 0.640874 0.610741
vt 0.606277 0.610741
vt 0.606277 0.608526
vt 0.640874 0.686814
vt 0.606277 0.686814
vt 0.602912 0.610741
vt 0.602912 0.608526
vt 0.640874 0.729040
vt 0.606277 0.729040
vt 0.602912 0.686814
vt 0.640874 0.731064
vt 0.606277 0.731064
vt 0.602912 0.729040
vt 0.640874 0.811095
vt 0.606277 0.811095
vt 0.602912 0.731064
vt 0.640874 0.815282
vt 0.606277 0.815282
vt 0.602912 0.811095
vt 0.602912 0.815282
vt 0.682151 0.586290
vt 0.682151 0.584075
vt 0.685517 0.584075
vt 0.685517 0.586290
vt 0.647555 0.586290
vt 0.647555 0.584075
vt 0.685517 0.662363
vt 0.682151 0.662363
vt 0.647555 0.662363
vt 0.685517 0.704589
vt 0.682151 0.704589
vt 0.647555 0.704589
vt 0.685517 0.706613
vt 0.682151 0.706613
vt 0.647555 0.706613
vt 0.685517 0.786644
vt 0.682151 0.786644
vt 0.647555 0.786644
vt 0.685517 0.790831
vt 0.682151 0.790831
vt 0.647555 0.790831
vt 0.418758 0.994266
vt 0.418758 0.983987
vt 0.422945 0.983987
vt 0.422945 0.994266
vt 0.043019 0.936840
vt 0.060047 0.936840
vt 0.060038 0.969504
vt 0.043010 0.979872
vt 0.063349 0.969504
vt 0.047197 0.979872
vt 0.162617 0.930228
vt 0.146466 0.930228
vt 0.146457 0.887196
vt 0.162609 0.897564
vt 0.146466 0.933594
vt 0.146466 0.933594
vt 0.087949 0.979872
vt 0.070921 0.979872
vt 0.070912 0.936840
vt 0.087940 0.947209
vt 0.075099 0.936840
vt 0.091251 0.947209
vt 0.124450 0.890562
vt 0.140602 0.890562
vt 0.140593 0.923225
vt 0.124441 0.933594
vt 0.124450 0.887196
vt 0.124450 0.887196
vt 0.434106 0.994266
vt 0.429919 0.994266
vt 0.429919 0.983987
vt 0.434106 0.983987
vt 0.098814 0.937403
vt 0.133411 0.937403
vt 0.133411 0.979629
vt 0.098814 0.979629
vt 0.139737 0.948791
vt 0.174334 0.948791
vt 0.174334 0.991016
vt 0.139737 0.991016
vt 0.349220 0.893382
vt 0.383816 0.893382
vt 0.383816 0.973413
vt 0.349220 0.973413
vt 0.308767 0.890492
vt 0.343364 0.890492
vt 0.343364 0.970523
vt 0.308767 0.970523
vt 0.182685 0.980920
vt 0.180660 0.980920
vt 0.180660 0.948791
vt 0.182685 0.948791
vt 0.189961 0.948791
vt 0.191985 0.948791
vt 0.191985 0.980920
vt 0.189961 0.980920
vt 0.199262 0.948791
vt 0.201563 0.948791
vt 0.201563 0.978478
vt 0.199262 0.978478
vt 0.210864 0.978478
vt 0.208562 0.978478
vt 0.208562 0.948791
vt 0.210864 0.948791
vt 0.523541 0.608526
vt 0.524158 0.608526
vt 0.524158 0.821064
vt 0.523541 0.821064
vt 0.524648 0.608526
vt 0.524648 0.821064
vt 0.522857 0.608526
vt 0.522857 0.821064
vt 0.522173 0.608526
vt 0.522173 0.821064
vt 0.521555 0.608526
vt 0.521555 0.821064
vt 0.521066 0.608526
vt 0.521066 0.821064
vt 0.542017 0.608526
vt 0.542634 0.608526
vt 0.542634 0.821064
vt 0.542017 0.821064
vt 0.543318 0.608526
vt 0.543318 0.821064
vt 0.541527 0.608526
vt 0.541527 0.821064
vt 0.544003 0.608526
vt 0.544003 0.821064
vt 0.544620 0.608526
vt 0.544620 0.821064
vt 0.545110 0.608526
vt 0.545110 0.821064
vt 0.564464 0.608526
vt 0.565081 0.608526
vt 0.565081 0.821064
vt 0.564464 0.821064
vt 0.565571 0.608526
vt 0.565571 0.821064
vt 0.563780 0.608526
vt 0.563780 0.821064
vt 0.563096 0.608526
vt 0.563096 0.821064
vt 0.562478 0.608526
vt 0.562478 0.821064
vt 0.561989 0.608526
vt 0.561989 0.821064
vt 0.582940 0.608526
vt 0.583557 0.608526
vt 0.583557 0.821064
vt 0.582940 0.821064
vt 0.584241 0.608526
vt 0.584241 0.821064
vt 0.582450 0.608526
vt 0.582450 0.821064
vt 0.584926 0.608526
vt 0.584926 0.821064
vt 0.585543 0.608526
vt 0.585543 0.821064
vt 0.586033 0.608526
vt 0.586033 0.821064
vt 0.283102 0.600227
vt 0.232405 0.317876
vt 0.236471 0.317485
vt 0.287168 0.599835
vt 0.171785 0.599835
vt 0.222483 0.317485
vt 0.226549 0.317876
vt 0.175852 0.600227
vt 0.233099 0.888891
vt 0.233716 0.888891
vt 0.233716 0.944981
vt 0.233099 0.944981
vt 0.234206 0.888891
vt 0.234206 0.944981
vt 0.232415 0.888891
vt 0.232415 0.944981
vt 0.231731 0.888891
vt 0.231731 0.944981
vt 0.231113 0.888891
vt 0.231113 0.944981
vt 0.230624 0.888891
vt 0.230624 0.944981
vt 0.213216 0.888891
vt 0.213834 0.888891
vt 0.213834 0.944981
vt 0.213216 0.944981
vt 0.214518 0.888891
vt 0.214518 0.944981
vt 0.212726 0.888891
vt 0.212726 0.944981
vt 0.215202 0.888891
vt 0.215202 0.944981
vt 0.215819 0.888891
vt 0.215819 0.944981
vt 0.216309 0.888891
vt 0.216309 0.944981
vt 0.197305 0.888891
vt 0.197922 0.888891
vt 0.197922 0.944981
vt 0.197305 0.944981
vt 0.198412 0.888891
vt 0.198412 0.944981
vt 0.196620 0.888891
vt 0.196620 0.944981
vt 0.195936 0.888891
vt 0.195936 0.944981
vt 0.195319 0.888891
vt 0.195319 0.944981
vt 0.194829 0.888891
vt 0.194829 0.944981
vt 0.177422 0.888891
vt 0.178039 0.888891
vt 0.178039 0.944981
vt 0.177422 0.944981
vt 0.178723 0.888891
vt 0.178723 0.944981
vt 0.176932 0.888891
vt 0.176932 0.944981
vt 0.179408 0.888891
vt 0.179408 0.944981
vt 0.180025 0.888891
vt 0.180025 0.944981
vt 0.180515 0.888891
vt 0.180515 0.944981
vt 0.271631 0.959568
vt 0.273173 0.960842
vt 0.256608 0.980904
vt 0.255066 0.979631
vt 0.279248 0.973496
vt 0.280790 0.972222
vt 0.297355 0.992285
vt 0.295813 0.993558
vt 0.303429 0.975662
vt 0.304932 0.974333
vt 0.322205 0.993789
vt 0.320702 0.995118
vt 0.346744 0.977222
vt 0.348247 0.978552
vt 0.330974 0.998008
vt 0.329471 0.996678
vt 0.082956 0.458008
vt 0.080773 0.458008
vt 0.080773 0.405712
vt 0.082956 0.405712
vt 0.082956 0.510303
vt 0.080773 0.510303
vt 0.069717 0.458008
vt 0.069717 0.405712
vt 0.080773 0.403255
vt 0.082956 0.403255
vt 0.122254 0.458008
vt 0.122254 0.408584
vt 0.082956 0.512760
vt 0.080773 0.512760
vt 0.069717 0.510303
vt 0.122254 0.507431
vt 0.069717 0.403255
vt 0.080773 0.376919
vt 0.082956 0.376919
vt 0.122254 0.406262
vt 0.125403 0.408584
vt 0.125403 0.458008
vt 0.080773 0.539097
vt 0.082956 0.539097
vt 0.069717 0.512760
vt 0.122254 0.509753
vt 0.125403 0.507431
vt 0.077293 0.376919
vt 0.082697 0.374147
vt 0.084870 0.374147
vt 0.122254 0.381372
vt 0.125403 0.406262
vt 0.077293 0.539097
vt 0.122254 0.534644
vt 0.084870 0.541869
vt 0.082697 0.541869
vt 0.125403 0.509753
vt 0.079216 0.374147
vt 0.122017 0.317485
vt 0.123988 0.317485
vt 0.124144 0.378808
vt 0.125403 0.381372
vt 0.079216 0.541869
vt 0.125403 0.534644
vt 0.124144 0.537208
vt 0.123988 0.598531
vt 0.122017 0.598531
vt 0.118536 0.317485
vt 0.162781 0.326391
vt 0.127292 0.378808
vt 0.118536 0.598531
vt 0.127292 0.537208
vt 0.162781 0.589624
vt 0.165930 0.326391
vt 0.165930 0.589624
vt 0.922514 0.436650
vt 0.920331 0.436650
vt 0.920331 0.384354
vt 0.922514 0.384354
vt 0.920331 0.488945
vt 0.922514 0.488945
vt 0.882550 0.436650
vt 0.882550 0.384354
vt 0.920331 0.381897
vt 0.922514 0.381897
vt 0.952478 0.384352
vt 0.952528 0.384349
vt 0.952528 0.436755
vt 0.882550 0.488945
vt 0.952528 0.489000
vt 0.922514 0.491402
vt 0.920331 0.491402
vt 0.880339 0.436650
vt 0.880339 0.384354
vt 0.882550 0.381897
vt 0.920331 0.355560
vt 0.922514 0.355560
vt 0.952528 0.381897
vt 0.882550 0.491402
vt 0.880339 0.488945
vt 0.952528 0.491402
vt 0.920331 0.517739
vt 0.922514 0.517739
vt 0.841467 0.436650
vt 0.841467 0.384354
vt 0.880339 0.381897
vt 0.882550 0.355560
vt 0.919694 0.352789
vt 0.921867 0.352789
vt 0.952528 0.355560
vt 0.882550 0.517739
vt 0.880339 0.491402
vt 0.841467 0.488945
vt 0.952528 0.517739
vt 0.921867 0.520510
vt 0.919694 0.520510
vt 0.839709 0.436650
vt 0.839709 0.384354
vt 0.841467 0.381897
vt 0.880339 0.355560
vt 0.882210 0.352789
vt 0.906686 0.296127
vt 0.908657 0.296127
vt 0.950631 0.352789
vt 0.880339 0.517739
vt 0.882210 0.520510
vt 0.841467 0.491402
vt 0.839709 0.488945
vt 0.950631 0.520510
vt 0.908657 0.577173
vt 0.906686 0.577172
vt 0.809760 0.436650
vt 0.809760 0.384354
vt 0.839709 0.381897
vt 0.841467 0.355560
vt 0.880009 0.352789
vt 0.875257 0.296127
vt 0.908975 0.293034
vt 0.906673 0.293034
vt 0.911851 0.296127
vt 0.841467 0.517739
vt 0.880009 0.520510
vt 0.875257 0.577172
vt 0.839709 0.491402
vt 0.809760 0.488945
vt 0.911851 0.577173
vt 0.906673 0.580266
vt 0.908975 0.580266
vt 0.807292 0.436650
vt 0.807292 0.384354
vt 0.809760 0.381897
vt 0.839709 0.355560
vt 0.841312 0.352789
vt 0.873260 0.296127
vt 0.874877 0.293034
vt 0.911118 0.293034
vt 0.839709 0.517739
vt 0.841312 0.520510
vt 0.873260 0.577172
vt 0.874877 0.580266
vt 0.809760 0.491402
vt 0.807292 0.488945
vt 0.911118 0.580266
vt 0.807292 0.381897
vt 0.809760 0.355560
vt 0.839563 0.352789
vt 0.838155 0.296127
vt 0.872891 0.293034
vt 0.809760 0.517739
vt 0.839563 0.520510
vt 0.838155 0.577172
vt 0.872891 0.580266
vt 0.807292 0.491402
vt 0.807292 0.355560
vt 0.809521 0.296127
vt 0.836568 0.296127
vt 0.837982 0.293034
vt 0.807292 0.517739
vt 0.809749 0.520510
vt 0.836568 0.577173
vt 0.837982 0.580266
vt 0.807292 0.296127
vt 0.836404 0.293034
vt 0.809508 0.293034
vt 0.807292 0.520510
vt 0.809521 0.577173
vt 0.836404 0.580266
vt 0.807292 0.293034
vt 0.807292 0.577173
vt 0.809508 0.580266
vt 0.807292 0.580266
vt 0.699754 0.580266
vt 0.699691 0.577173
vt 0.713716 0.577173
vt 0.702055 0.580266
vt 0.696878 0.577173
vt 0.697611 0.580266
vt 0.733472 0.577173
vt 0.733851 0.580266
vt 0.658098 0.520511
vt 0.660371 0.520511
vt 0.674597 0.520511
vt 0.726519 0.520511
vt 0.735469 0.577173
vt 0.735837 0.580266
vt 0.656201 0.517739
vt 0.658448 0.517739
vt 0.726179 0.517739
vt 0.672684 0.517739
vt 0.728720 0.520511
vt 0.770574 0.577173
vt 0.770746 0.580266
vt 0.656201 0.491402
vt 0.658448 0.491402
vt 0.728390 0.517739
vt 0.672684 0.491402
vt 0.726179 0.491402
vt 0.767417 0.520511
vt 0.772161 0.577173
vt 0.772324 0.580266
vt 0.656201 0.488945
vt 0.658448 0.488945
vt 0.767262 0.517739
vt 0.728390 0.491402
vt 0.672684 0.488945
vt 0.726179 0.488945
vt 0.769166 0.520511
vt 0.799220 0.577173
vt 0.799220 0.580266
vt 0.656201 0.436650
vt 0.658448 0.436650
vt 0.769019 0.517739
vt 0.767262 0.491402
vt 0.728390 0.488945
vt 0.672684 0.436650
vt 0.726179 0.436650
vt 0.799231 0.520511
vt 0.801437 0.577173
vt 0.801437 0.580266
vt 0.656201 0.384354
vt 0.658448 0.384354
vt 0.799220 0.517739
vt 0.769019 0.491402
vt 0.767262 0.488945
vt 0.728390 0.436650
vt 0.672684 0.384354
vt 0.726179 0.384354
vt 0.801437 0.520511
vt 0.656201 0.381897
vt 0.658448 0.381897
vt 0.801437 0.517739
vt 0.799220 0.491402
vt 0.769019 0.488945
vt 0.767262 0.436650
vt 0.728390 0.384354
vt 0.672684 0.381897
vt 0.726179 0.381897
vt 0.656201 0.355560
vt 0.658448 0.355560
vt 0.801437 0.491402
vt 0.799220 0.488945
vt 0.769019 0.436650
vt 0.767262 0.384354
vt 0.728390 0.381897
vt 0.672684 0.355560
vt 0.726179 0.355560
vt 0.658098 0.352789
vt 0.660371 0.352789
vt 0.801437 0.488945
vt 0.799220 0.436650
vt 0.769019 0.384354
vt 0.767262 0.381897
vt 0.728390 0.355560
vt 0.674597 0.352789
vt 0.726519 0.352789
vt 0.696878 0.296127
vt 0.699691 0.296127
vt 0.801437 0.436650
vt 0.799220 0.384354
vt 0.769019 0.381897
vt 0.767262 0.355560
vt 0.728720 0.352789
vt 0.733472 0.296127
vt 0.713716 0.296127
vt 0.699754 0.293034
vt 0.697611 0.293034
vt 0.801437 0.384354
vt 0.799220 0.381897
vt 0.769019 0.355560
vt 0.767417 0.352789
vt 0.735469 0.296127
vt 0.733851 0.293034
vt 0.702055 0.293034
vt 0.801437 0.381897
vt 0.799220 0.355560
vt 0.769166 0.352789
vt 0.770574 0.296127
vt 0.735837 0.293034
vt 0.801437 0.355560
vt 0.799231 0.352789
vt 0.772161 0.296127
vt 0.770746 0.293034
vt 0.801437 0.352789
vt 0.799222 0.296127
vt 0.772324 0.293034
vt 0.801437 0.296127
vt 0.799220 0.293034
vt 0.801437 0.293034
vt 0.068084 0.693439
vt 0.107382 0.690568
vt 0.107382 0.742863
vt 0.068084 0.742863
vt 0.068084 0.691118
vt 0.107382 0.688111
vt 0.107382 0.795159
vt 0.068084 0.792287
vt 0.064936 0.742863
vt 0.064936 0.693439
vt 0.107382 0.661774
vt 0.068084 0.666227
vt 0.064936 0.691118
vt 0.107382 0.797616
vt 0.068084 0.794609
vt 0.064936 0.792287
vt 0.064936 0.666227
vt 0.066194 0.663663
vt 0.105469 0.659002
vt 0.107382 0.823952
vt 0.068084 0.819499
vt 0.064936 0.794609
vt 0.063046 0.663663
vt 0.066351 0.602340
vt 0.027557 0.611247
vt 0.105469 0.826724
vt 0.066194 0.822063
vt 0.064936 0.819499
vt 0.024409 0.611247
vt 0.066351 0.883386
vt 0.027557 0.874480
vt 0.063046 0.822063
vt 0.024409 0.874480
vt 0.210166 0.664349
vt 0.228811 0.660698
vt 0.230725 0.663470
vt 0.212065 0.666958
vt 0.189693 0.604036
vt 0.171360 0.611013
vt 0.230725 0.689806
vt 0.196154 0.692162
vt 0.230725 0.692263
vt 0.186406 0.694513
vt 0.230725 0.744559
vt 0.180359 0.744559
vt 0.230725 0.796855
vt 0.186406 0.794605
vt 0.230725 0.799311
vt 0.196154 0.796956
vt 0.230725 0.825648
vt 0.212065 0.822160
vt 0.228811 0.828420
vt 0.210166 0.824769
vt 0.189693 0.885082
vt 0.171360 0.878106
vt 0.238325 0.665070
vt 0.240238 0.662299
vt 0.270936 0.665949
vt 0.269038 0.668558
vt 0.279356 0.605637
vt 0.309743 0.612613
vt 0.284948 0.693762
vt 0.238325 0.691407
vt 0.294696 0.696113
vt 0.238325 0.693864
vt 0.300744 0.746159
vt 0.238325 0.746159
vt 0.294696 0.796205
vt 0.238325 0.798455
vt 0.284948 0.798557
vt 0.238325 0.800912
vt 0.238325 0.827249
vt 0.269038 0.823761
vt 0.270936 0.826369
vt 0.240238 0.830020
vt 0.279356 0.886682
vt 0.309743 0.879706
vt 0.384174 0.459656
vt 0.384174 0.407360
vt 0.386981 0.407360
vt 0.386981 0.459656
vt 0.384174 0.404904
vt 0.386981 0.404904
vt 0.384174 0.511952
vt 0.386981 0.511952
vt 0.384174 0.378567
vt 0.386765 0.377743
vt 0.384174 0.514408
vt 0.386981 0.514408
vt 0.382250 0.375795
vt 0.384832 0.374933
vt 0.384174 0.540745
vt 0.386765 0.541569
vt 0.342930 0.319133
vt 0.345306 0.317485
vt 0.384832 0.544379
vt 0.382250 0.543517
vt 0.342930 0.600179
vt 0.345306 0.601827
vt 0.295831 0.407360
vt 0.295831 0.459656
vt 0.293024 0.459656
vt 0.293024 0.407360
vt 0.295831 0.511952
vt 0.293024 0.511952
vt 0.295831 0.404904
vt 0.293024 0.404904
vt 0.295831 0.514409
vt 0.293024 0.514409
vt 0.295831 0.378567
vt 0.293240 0.377743
vt 0.295831 0.540745
vt 0.293240 0.541569
vt 0.295173 0.374933
vt 0.297755 0.375795
vt 0.297755 0.543517
vt 0.295173 0.544379
vt 0.337075 0.319133
vt 0.334700 0.317485
vt 0.337075 0.600179
vt 0.334700 0.601827
vt 0.615748 0.384354
vt 0.615748 0.436650
vt 0.612382 0.436650
vt 0.612382 0.384354
vt 0.650345 0.384354
vt 0.650345 0.436650
vt 0.615748 0.488945
vt 0.612382 0.488945
vt 0.615748 0.381897
vt 0.612382 0.381897
vt 0.650345 0.488945
vt 0.650345 0.381897
vt 0.615748 0.491402
vt 0.612382 0.491402
vt 0.615748 0.355560
vt 0.612382 0.355560
vt 0.650345 0.491402
vt 0.650345 0.355560
vt 0.615748 0.517739
vt 0.612382 0.517739
vt 0.612382 0.352789
vt 0.615748 0.352789
vt 0.650345 0.517739
vt 0.650345 0.352789
vt 0.615748 0.520510
vt 0.612382 0.520510
vt 0.615748 0.296127
vt 0.612382 0.296127
vt 0.650345 0.520510
vt 0.650345 0.296127
vt 0.615748 0.577173
vt 0.612382 0.577173
vt 0.612382 0.293034
vt 0.615748 0.293034
vt 0.650345 0.577173
vt 0.650345 0.293034
vt 0.615748 0.580266
vt 0.612382 0.580266
vt 0.650345 0.580266
vt 0.620837 0.851210
vt 0.620837 0.824873
vt 0.624203 0.824873
vt 0.624203 0.851210
vt 0.577805 0.851210
vt 0.577805 0.824873
vt 0.624203 0.853982
vt 0.620837 0.853982
vt 0.588084 0.853982
vt 0.620837 0.910644
vt 0.624203 0.910644
vt 0.586241 0.910644
vt 0.624203 0.913737
vt 0.620837 0.913737
vt 0.586241 0.913737
vt 0.568584 0.913737
vt 0.568584 0.887400
vt 0.571950 0.887400
vt 0.571950 0.913737
vt 0.525552 0.913737
vt 0.525552 0.887400
vt 0.568584 0.884628
vt 0.571950 0.884628
vt 0.535830 0.884628
vt 0.568584 0.827966
vt 0.571950 0.827966
vt 0.533987 0.827966
vt 0.568584 0.824873
vt 0.571950 0.824873
vt 0.533987 0.824873
vt 0.316450 0.886682
vt 0.316450 0.830020
vt 0.351047 0.830020
vt 0.351047 0.886682
vt 0.316450 0.827249
vt 0.351047 0.827249
vt 0.316450 0.800912
vt 0.351047 0.800912
vt 0.316450 0.798455
vt 0.351047 0.798455
vt 0.316450 0.746159
vt 0.351047 0.746159
vt 0.316450 0.693864
vt 0.351047 0.693864
vt 0.316450 0.691407
vt 0.351047 0.691407
vt 0.316450 0.665070
vt 0.351047 0.665070
vt 0.316450 0.662299
vt 0.351047 0.662299
vt 0.316450 0.605637
vt 0.351047 0.605637
vt 0.911694 0.635118
vt 0.911694 0.584075
vt 0.944358 0.584075
vt 0.944358 0.635118
vt 0.911694 0.686161
vt 0.944358 0.686161
vt 0.812288 0.584075
vt 0.812288 0.636371
vt 0.779625 0.636371
vt 0.779625 0.584075
vt 0.812288 0.688667
vt 0.779625 0.688667
vt 0.476664 0.920744
vt 0.476664 0.893382
vt 0.519696 0.893382
vt 0.519696 0.920744
vt 0.509418 0.923516
vt 0.476664 0.923516
vt 0.476664 0.980178
vt 0.511260 0.980178
vt 0.427776 0.980178
vt 0.427776 0.952815
vt 0.470808 0.952815
vt 0.470808 0.980178
vt 0.427776 0.950044
vt 0.460530 0.950044
vt 0.427776 0.893382
vt 0.462373 0.893382
vt 0.828078 0.777829
vt 0.828078 0.751144
vt 0.860207 0.759187
vt 0.860207 0.785872
vt 0.828078 0.748373
vt 0.860207 0.756415
vt 0.828078 0.691711
vt 0.862674 0.691711
vt 0.943579 0.751018
vt 0.943579 0.777719
vt 0.911449 0.785762
vt 0.911449 0.759060
vt 0.943579 0.748246
vt 0.911449 0.756288
vt 0.943579 0.691584
vt 0.908982 0.691584
vt 0.787626 0.786637
vt 0.787626 0.729975
vt 0.819755 0.721933
vt 0.822222 0.786637
vt 0.787626 0.727204
vt 0.819755 0.719161
vt 0.787626 0.700519
vt 0.819755 0.692476
vt 0.903127 0.729141
vt 0.903127 0.785803
vt 0.868530 0.785803
vt 0.870997 0.721098
vt 0.903127 0.726369
vt 0.870997 0.718327
vt 0.903127 0.699667
vt 0.870997 0.691625
vt 0.837289 0.635945
vt 0.837289 0.584075
vt 0.866976 0.593790
vt 0.866976 0.635945
vt 0.837289 0.687815
vt 0.866976 0.678100
vt 0.904179 0.584075
vt 0.904179 0.635925
vt 0.874492 0.635925
vt 0.874492 0.593790
vt 0.904179 0.687774
vt 0.874492 0.678059
vt 0.445085 0.984900
vt 0.445400 0.985517
vt 0.443294 0.986202
vt 0.445508 0.986202
vt 0.444595 0.984410
vt 0.445400 0.986886
vt 0.443978 0.984096
vt 0.445085 0.987503
vt 0.443294 0.983987
vt 0.444595 0.987993
vt 0.442610 0.984096
vt 0.443978 0.988307
vt 0.441992 0.984410
vt 0.443294 0.988416
vt 0.441503 0.984900
vt 0.442610 0.988307
vt 0.441188 0.985517
vt 0.441992 0.987993
vt 0.441080 0.986202
vt 0.441503 0.987503
vt 0.441188 0.986886
vt 0.456561 0.986886
vt 0.456246 0.987503
vt 0.454455 0.986202
vt 0.455756 0.987993
vt 0.456669 0.986202
vt 0.455139 0.988308
vt 0.456561 0.985517
vt 0.454455 0.988416
vt 0.456246 0.984900
vt 0.453770 0.988308
vt 0.455756 0.984410
vt 0.453153 0.987993
vt 0.455139 0.984096
vt 0.452663 0.987503
vt 0.454455 0.983987
vt 0.452349 0.986886
vt 0.453770 0.984096
vt 0.452240 0.986202
vt 0.453153 0.984410
vt 0.452349 0.985517
vt 0.452663 0.984900
vt 0.467407 0.984900
vt 0.467721 0.985517
vt 0.465616 0.986202
vt 0.467830 0.986202
vt 0.466917 0.984410
vt 0.467721 0.986886
vt 0.466300 0.984096
vt 0.467407 0.987503
vt 0.465616 0.983987
vt 0.466917 0.987993
vt 0.464931 0.984096
vt 0.466300 0.988307
vt 0.464314 0.984410
vt 0.465616 0.988416
vt 0.463824 0.984900
vt 0.464931 0.988307
vt 0.463510 0.985517
vt 0.464314 0.987993
vt 0.463401 0.986202
vt 0.463824 0.987503
vt 0.463510 0.986886
vt 0.478882 0.986886
vt 0.478568 0.987503
vt 0.476776 0.986202
vt 0.478078 0.987993
vt 0.478991 0.986202
vt 0.477461 0.988308
vt 0.478882 0.985517
vt 0.476776 0.988416
vt 0.478568 0.984900
vt 0.476092 0.988308
vt 0.478078 0.984410
vt 0.475475 0.987993
vt 0.477461 0.984096
vt 0.474985 0.987503
vt 0.476776 0.983987
vt 0.474670 0.986886
vt 0.476092 0.984096
vt 0.474562 0.986202
vt 0.475475 0.984410
vt 0.474670 0.985517
vt 0.474985 0.984900
vt 0.299319 0.017576
vt 0.016968 0.017576
vt 0.016968 0.001992
vt 0.299319 0.001992
vt 0.299319 0.021350
vt 0.016968 0.021350
vt 0.299319 0.048647
vt 0.016968 0.048647
vt 0.299319 0.052331
vt 0.016968 0.052331
vt 0.299319 0.083982
vt 0.016968 0.083982
vt 0.299319 0.086980
vt 0.016968 0.086980
vt 0.299319 0.115322
vt 0.016968 0.115322
vt 0.299319 0.118148
vt 0.016968 0.118148
vt 0.299319 0.149897
vt 0.016968 0.149897
vt 0.299319 0.157834
vt 0.016968 0.157834
vt 0.299319 0.165771
vt 0.016968 0.165771
vt 0.299319 0.197519
vt 0.016968 0.197519
vt 0.299319 0.200346
vt 0.016968 0.200346
vt 0.299319 0.228687
vt 0.016968 0.228687
vt 0.299319 0.231686
vt 0.016968 0.231686
vt 0.299319 0.263336
vt 0.016968 0.263336
vt 0.299319 0.267021
vt 0.016968 0.267021
vt 0.299319 0.294318
vt 0.016968 0.294318
vt 0.299319 0.298091
vt 0.016968 0.298091
vt 0.016968 0.313675
vt 0.299319 0.313675
vt 0.602521 0.017576
vt 0.320171 0.017576
vt 0.320171 0.001992
vt 0.602521 0.001992
vt 0.602521 0.021350
vt 0.320171 0.021350
vt 0.602521 0.048647
vt 0.320171 0.048647
vt 0.602521 0.052331
vt 0.320171 0.052331
vt 0.602521 0.083982
vt 0.320171 0.083982
vt 0.602521 0.086981
vt 0.320171 0.086981
vt 0.602521 0.115322
vt 0.320171 0.115322
vt 0.602521 0.118148
vt 0.320171 0.118148
vt 0.602521 0.149897
vt 0.320171 0.149897
vt 0.602521 0.157834
vt 0.320171 0.157834
vt 0.602521 0.165771
vt 0.320171 0.165771
vt 0.602521 0.197519
vt 0.320171 0.197519
vt 0.602521 0.200346
vt 0.320171 0.200346
vt 0.602521 0.228687
vt 0.320171 0.228687
vt 0.602521 0.231686
vt 0.320171 0.231686
vt 0.602521 0.263336
vt 0.320171 0.263336
vt 0.602521 0.267021
vt 0.320171 0.267021
vt 0.602521 0.294318
vt 0.320171 0.294318
vt 0.602521 0.298091
vt 0.320171 0.298091
vt 0.320171 0.313675
vt 0.602521 0.313675
vt 0.489729 0.984900
vt 0.490043 0.985517
vt 0.487937 0.986202
vt 0.490151 0.986202
vt 0.489239 0.984410
vt 0.490043 0.986886
vt 0.488621 0.984096
vt 0.489729 0.987503
vt 0.487937 0.983987
vt 0.489239 0.987993
vt 0.487253 0.984096
vt 0.488621 0.988307
vt 0.486636 0.984410
vt 0.487937 0.988416
vt 0.486146 0.984900
vt 0.487253 0.988307
vt 0.485831 0.985517
vt 0.486636 0.987993
vt 0.485723 0.986202
vt 0.486146 0.987503
vt 0.485831 0.986886
vt 0.501204 0.986886
vt 0.500889 0.987503
vt 0.499098 0.986202
vt 0.500400 0.987993
vt 0.501312 0.986202
vt 0.499782 0.988308
vt 0.501204 0.985517
vt 0.499098 0.988416
vt 0.500889 0.984900
vt 0.498414 0.988308
vt 0.500400 0.984410
vt 0.497797 0.987993
vt 0.499782 0.984096
vt 0.497307 0.987503
vt 0.499098 0.983987
vt 0.496992 0.986886
vt 0.498414 0.984096
vt 0.496884 0.986202
vt 0.497797 0.984410
vt 0.496992 0.985517
vt 0.497307 0.984900
vt 0.512050 0.984900
vt 0.512365 0.985517
vt 0.510259 0.986202
vt 0.512473 0.986202
vt 0.511560 0.984410
vt 0.512365 0.986886
vt 0.510943 0.984096
vt 0.512050 0.987503
vt 0.510259 0.983987
vt 0.511560 0.987993
vt 0.509575 0.984096
vt 0.510943 0.988307
vt 0.508957 0.984410
vt 0.510259 0.988416
vt 0.508467 0.984900
vt 0.509575 0.988307
vt 0.508153 0.985517
vt 0.508957 0.987993
vt 0.508045 0.986202
vt 0.508467 0.987503
vt 0.508153 0.986886
vt 0.523526 0.986886
vt 0.523211 0.987503
vt 0.521420 0.986202
vt 0.522721 0.987993
vt 0.523634 0.986202
vt 0.522104 0.988308
vt 0.523526 0.985517
vt 0.521420 0.988416
vt 0.523211 0.984900
vt 0.520735 0.988308
vt 0.522721 0.984410
vt 0.520118 0.987993
vt 0.522104 0.984096
vt 0.519628 0.987503
vt 0.521420 0.983987
vt 0.519314 0.986886
vt 0.520735 0.984096
vt 0.519205 0.986202
vt 0.520118 0.984410
vt 0.519314 0.985517
vt 0.519628 0.984900
vt 0.052805 0.539097
vt 0.052805 0.512760
vt 0.063861 0.512760
vt 0.056285 0.539097
vt 0.045348 0.539097
vt 0.045348 0.512760
vt 0.063861 0.510303
vt 0.052805 0.510303
vt 0.054362 0.541869
vt 0.050881 0.541869
vt 0.045348 0.510303
vt 0.063861 0.458008
vt 0.052805 0.458008
vt 0.011561 0.598531
vt 0.015042 0.598531
vt 0.045348 0.458008
vt 0.063861 0.405712
vt 0.052805 0.405712
vt 0.045348 0.405712
vt 0.063861 0.403255
vt 0.052805 0.403255
vt 0.045348 0.403255
vt 0.056285 0.376919
vt 0.052805 0.376919
vt 0.045348 0.376919
vt 0.050881 0.374147
vt 0.054362 0.374147
vt 0.015042 0.317485
vt 0.011561 0.317485
vt 0.610706 0.090856
vt 0.608492 0.090856
vt 0.608492 0.064519
vt 0.610706 0.064519
vt 0.610706 0.093312
vt 0.608492 0.093308
vt 0.608492 0.061747
vt 0.610706 0.061747
vt 0.608492 0.145713
vt 0.610706 0.145608
vt 0.608492 0.005085
vt 0.610706 0.005085
vt 0.610706 0.197904
vt 0.608492 0.197959
vt 0.608492 0.001992
vt 0.610706 0.001992
vt 0.610706 0.200360
vt 0.608492 0.200360
vt 0.608492 0.226697
vt 0.610706 0.226697
vt 0.610706 0.229469
vt 0.608492 0.229469
vt 0.610706 0.286131
vt 0.608492 0.286131
vt 0.610706 0.289224
vt 0.608492 0.289224
vt 0.850479 0.145608
vt 0.848265 0.145608
vt 0.848265 0.093312
vt 0.850479 0.093312
vt 0.850479 0.197904
vt 0.848265 0.197904
vt 0.772191 0.145608
vt 0.772191 0.093312
vt 0.848265 0.090856
vt 0.850479 0.090856
vt 0.850479 0.200361
vt 0.848265 0.200361
vt 0.772191 0.197904
vt 0.729966 0.145608
vt 0.729966 0.092927
vt 0.772191 0.090856
vt 0.848265 0.064519
vt 0.850479 0.064519
vt 0.848265 0.226697
vt 0.850479 0.226697
vt 0.772191 0.200361
vt 0.729966 0.198290
vt 0.727789 0.145608
vt 0.727942 0.092908
vt 0.729966 0.090470
vt 0.772191 0.064519
vt 0.848265 0.061747
vt 0.850479 0.061747
vt 0.772191 0.226697
vt 0.850479 0.229469
vt 0.848265 0.229469
vt 0.729966 0.200746
vt 0.727942 0.198308
vt 0.647910 0.145608
vt 0.647910 0.092177
vt 0.727942 0.090451
vt 0.729966 0.064519
vt 0.772191 0.061747
vt 0.848265 0.005085
vt 0.850479 0.005085
vt 0.772191 0.229469
vt 0.729966 0.226697
vt 0.850479 0.286131
vt 0.848265 0.286131
vt 0.727942 0.200765
vt 0.647910 0.199040
vt 0.643723 0.145608
vt 0.643723 0.093312
vt 0.647910 0.089720
vt 0.727942 0.064519
vt 0.729966 0.061747
vt 0.772191 0.005085
vt 0.848265 0.001992
vt 0.850479 0.001992
vt 0.772191 0.286131
vt 0.729966 0.229469
vt 0.727942 0.226697
vt 0.850479 0.289224
vt 0.848265 0.289224
vt 0.647910 0.201496
vt 0.643723 0.197904
vt 0.617793 0.145608
vt 0.627572 0.093312
vt 0.643723 0.090856
vt 0.647910 0.064519
vt 0.727941 0.061747
vt 0.729966 0.005085
vt 0.772191 0.001992
vt 0.772191 0.289224
vt 0.729966 0.286131
vt 0.727941 0.229469
vt 0.647910 0.226697
vt 0.643723 0.200361
vt 0.627572 0.197904
vt 0.643723 0.064519
vt 0.647910 0.061747
vt 0.727942 0.005085
vt 0.729966 0.001992
vt 0.729966 0.289224
vt 0.727942 0.286131
vt 0.647910 0.229469
vt 0.643723 0.226697
vt 0.643723 0.061747
vt 0.647910 0.005085
vt 0.727942 0.001992
vt 0.727942 0.289224
vt 0.647910 0.286131
vt 0.643723 0.229469
vt 0.643723 0.005085
vt 0.647910 0.001992
vt 0.647910 0.289224
vt 0.643723 0.286131
vt 0.643723 0.001992
vt 0.643723 0.289224
vt 0.001901 0.690567
vt 0.018102 0.690567
vt 0.018102 0.742863
vt 0.001901 0.742863
vt 0.001901 0.688111
vt 0.018102 0.688111
vt 0.018102 0.795159
vt 0.001901 0.795159
vt 0.018102 0.661774
vt 0.001901 0.661774
vt 0.018102 0.797616
vt 0.001901 0.797616
vt 0.001901 0.659002
vt 0.018102 0.659002
vt 0.018102 0.823952
vt 0.001901 0.823952
vt 0.018102 0.602340
vt 0.007345 0.602340
vt 0.018102 0.826724
vt 0.001901 0.826724
vt 0.018102 0.883386
vt 0.008234 0.883386
vt 0.256675 0.949926
vt 0.256675 0.947154
vt 0.267433 0.947154
vt 0.267433 0.949926
vt 0.256675 0.890492
vt 0.267433 0.890492
vt 0.240062 0.949925
vt 0.240062 0.893263
vt 0.250819 0.893263
vt 0.250819 0.949925
vt 0.240062 0.890492
vt 0.250819 0.890492
vt 0.395931 0.459656
vt 0.392837 0.459656
vt 0.392837 0.407360
vt 0.395931 0.407360
vt 0.395931 0.511952
vt 0.392837 0.511952
vt 0.392837 0.404904
vt 0.395931 0.404904
vt 0.395931 0.514408
vt 0.392837 0.514408
vt 0.392937 0.377743
vt 0.396030 0.377743
vt 0.392937 0.541569
vt 0.396030 0.541569
vt 0.392941 0.374933
vt 0.396035 0.374933
vt 0.396035 0.544379
vt 0.392941 0.544379
vt 0.393036 0.317485
vt 0.396130 0.317485
vt 0.393036 0.601827
vt 0.396130 0.601827
vt 0.949434 0.584075
vt 0.952528 0.584075
vt 0.952528 0.634121
vt 0.949434 0.634121
vt 0.952528 0.684167
vt 0.949434 0.684167
vt 0.743118 0.665165
vt 0.692198 0.665165
vt 0.692198 0.612869
vt 0.743118 0.612869
vt 0.743118 0.717460
vt 0.692198 0.717460
vt 0.692198 0.610412
vt 0.743118 0.610412
vt 0.743118 0.719917
vt 0.692198 0.719917
vt 0.692198 0.584075
vt 0.743118 0.584075
vt 0.692198 0.746254
vt 0.743118 0.746254
vt 0.113695 0.690567
vt 0.164615 0.690567
vt 0.164615 0.742863
vt 0.113695 0.742863
vt 0.113695 0.688111
vt 0.164615 0.688111
vt 0.164615 0.795159
vt 0.113695 0.795159
vt 0.164615 0.661774
vt 0.113695 0.661774
vt 0.164615 0.797616
vt 0.113695 0.797616
vt 0.113695 0.659002
vt 0.164615 0.659002
vt 0.164615 0.823952
vt 0.113695 0.823952
vt 0.164615 0.602340
vt 0.113695 0.602340
vt 0.164615 0.826724
vt 0.113695 0.826724
vt 0.164615 0.883386
vt 0.113695 0.883386
vt 0.389672 0.893382
vt 0.392765 0.893382
vt 0.392765 0.918586
vt 0.389672 0.918586
vt 0.392772 0.921195
vt 0.389679 0.921195
vt 0.392916 0.974531
vt 0.389822 0.974531
vt 0.401865 0.949327
vt 0.401865 0.974531
vt 0.398772 0.974531
vt 0.398772 0.949327
vt 0.398779 0.946718
vt 0.401872 0.946718
vt 0.402016 0.893382
vt 0.398922 0.893382
vt 0.421920 0.893382
vt 0.421920 0.952815
vt 0.421920 0.952815
vt 0.421920 0.893382
vt 0.421920 0.979152
vt 0.421920 0.979152
vt 0.416065 0.919719
vt 0.416065 0.979152
vt 0.416065 0.979152
vt 0.416065 0.922490
vt 0.416065 0.919719
vt 0.416065 0.893382
vt 0.416065 0.893382
vt 0.401986 0.601624
vt 0.401985 0.544962
vt 0.478059 0.544962
vt 0.478059 0.601624
vt 0.401985 0.542190
vt 0.478059 0.542190
vt 0.401985 0.604717
vt 0.478059 0.604717
vt 0.401985 0.515853
vt 0.478059 0.515853
vt 0.520285 0.601624
vt 0.520285 0.604717
vt 0.401985 0.513397
vt 0.478059 0.513397
vt 0.522309 0.601624
vt 0.522309 0.604717
vt 0.401985 0.461101
vt 0.478059 0.461101
vt 0.520285 0.536919
vt 0.522309 0.536919
vt 0.602340 0.601624
vt 0.602340 0.604717
vt 0.401985 0.408805
vt 0.478059 0.408805
vt 0.522309 0.534148
vt 0.520285 0.534148
vt 0.606527 0.601624
vt 0.606527 0.604717
vt 0.401985 0.406348
vt 0.478059 0.406348
vt 0.520285 0.507462
vt 0.522309 0.507446
vt 0.602332 0.544962
vt 0.606519 0.544962
vt 0.401985 0.380012
vt 0.478059 0.380012
vt 0.401985 0.377240
vt 0.478059 0.377240
vt 0.401985 0.320578
vt 0.478059 0.320578
vt 0.401985 0.317485
vt 0.478059 0.317485
vt 0.520285 0.317485
vt 0.520285 0.320578
vt 0.522309 0.317485
vt 0.522309 0.320578
vt 0.602340 0.317485
vt 0.602340 0.320578
vt 0.522309 0.385283
vt 0.520285 0.385283
vt 0.606527 0.317485
vt 0.606527 0.320578
vt 0.520285 0.388054
vt 0.522309 0.388054
vt 0.606519 0.377240
vt 0.602332 0.377240
vt 0.520285 0.414739
vt 0.522309 0.414756
vt 0.767920 0.636371
vt 0.759163 0.585328
vt 0.762474 0.584075
vt 0.772253 0.636371
vt 0.759163 0.687414
vt 0.762474 0.688666
vt 0.217863 0.976153
vt 0.217863 0.948791
vt 0.222050 0.949817
vt 0.222050 0.976153
vt 0.229024 0.976153
vt 0.229024 0.948791
vt 0.233211 0.948791
vt 0.233211 0.975128
vt 0.407871 0.935537
vt 0.407908 0.893382
vt 0.410209 0.893402
vt 0.410163 0.935537
vt 0.407908 0.977692
vt 0.410209 0.977671
vt 0.405384 0.697179
vt 0.399599 0.694645
vt 0.401623 0.694662
vt 0.407686 0.697200
vt 0.357373 0.696754
vt 0.357373 0.694297
vt 0.481654 0.695322
vt 0.498682 0.698007
vt 0.357373 0.667960
vt 0.399599 0.667960
vt 0.357373 0.749049
vt 0.405348 0.749049
vt 0.401623 0.667960
vt 0.481654 0.667960
vt 0.407640 0.749049
vt 0.507439 0.749049
vt 0.357373 0.665189
vt 0.399599 0.665189
vt 0.357373 0.801345
vt 0.405384 0.800919
vt 0.401623 0.665189
vt 0.481654 0.665189
vt 0.407686 0.800899
vt 0.498682 0.800092
vt 0.399599 0.608526
vt 0.357373 0.608526
vt 0.357373 0.803802
vt 0.399599 0.803453
vt 0.401623 0.608526
vt 0.481654 0.608526
vt 0.401623 0.803437
vt 0.481654 0.802776
vt 0.357373 0.830139
vt 0.399599 0.830139
vt 0.401623 0.830139
vt 0.481654 0.830139
vt 0.399599 0.832910
vt 0.357373 0.832910
vt 0.481654 0.832910
vt 0.401623 0.832910
vt 0.357373 0.889572
vt 0.399599 0.889572
vt 0.401623 0.889572
vt 0.481654 0.889572
vt 0.534829 0.821064
vt 0.534212 0.821064
vt 0.534212 0.608527
vt 0.534829 0.608527
vt 0.533528 0.821064
vt 0.533528 0.608527
vt 0.532844 0.821064
vt 0.532844 0.608527
vt 0.532226 0.821064
vt 0.532226 0.608527
vt 0.552688 0.608526
vt 0.553305 0.608526
vt 0.553305 0.821064
vt 0.552688 0.821064
vt 0.553989 0.608526
vt 0.553989 0.821064
vt 0.554674 0.608526
vt 0.554674 0.821064
vt 0.555291 0.608526
vt 0.555291 0.821064
vt 0.575752 0.821064
vt 0.575135 0.821064
vt 0.575135 0.608527
vt 0.575752 0.608527
vt 0.574451 0.821064
vt 0.574451 0.608527
vt 0.573767 0.821064
vt 0.573767 0.608527
vt 0.573149 0.821064
vt 0.573149 0.608527
vt 0.593611 0.608526
vt 0.594228 0.608526
vt 0.594228 0.821064
vt 0.593611 0.821064
vt 0.594912 0.608526
vt 0.594912 0.821064
vt 0.595597 0.608526
vt 0.595597 0.821064
vt 0.596214 0.608526
vt 0.596214 0.821064
vt 0.005968 0.017576
vt 0.001901 0.017576
vt 0.001901 0.001992
vt 0.005968 0.001992
vt 0.010110 0.021350
vt 0.006043 0.021350
vt 0.010110 0.048647
vt 0.006043 0.048647
vt 0.005968 0.052331
vt 0.001901 0.052331
vt 0.005968 0.083982
vt 0.001901 0.083982
vt 0.010110 0.086981
vt 0.006043 0.086981
vt 0.010110 0.115322
vt 0.006043 0.115322
vt 0.005968 0.118148
vt 0.001901 0.118148
vt 0.005968 0.149897
vt 0.001901 0.149897
vt 0.005968 0.157834
vt 0.001901 0.157834
vt 0.005968 0.165771
vt 0.001901 0.165771
vt 0.005968 0.197519
vt 0.001901 0.197519
vt 0.010110 0.200346
vt 0.006043 0.200346
vt 0.010110 0.228687
vt 0.006043 0.228687
vt 0.005968 0.231686
vt 0.001901 0.231686
vt 0.005968 0.263336
vt 0.001901 0.263336
vt 0.010110 0.267021
vt 0.006043 0.267021
vt 0.010110 0.294318
vt 0.006043 0.294318
vt 0.005968 0.298091
vt 0.001901 0.298091
vt 0.001901 0.313675
vt 0.005968 0.313675
vt 0.313498 0.017576
vt 0.309432 0.017576
vt 0.309432 0.001992
vt 0.313498 0.001992
vt 0.309356 0.021350
vt 0.305290 0.021350
vt 0.309356 0.048647
vt 0.305290 0.048647
vt 0.313498 0.052331
vt 0.309432 0.052331
vt 0.313498 0.083982
vt 0.309432 0.083982
vt 0.309356 0.086981
vt 0.305290 0.086981
vt 0.309356 0.115322
vt 0.305290 0.115322
vt 0.313498 0.118148
vt 0.309432 0.118148
vt 0.313498 0.149897
vt 0.309432 0.149897
vt 0.313498 0.157834
vt 0.309432 0.157834
vt 0.313498 0.165771
vt 0.309432 0.165771
vt 0.313498 0.197519
vt 0.309432 0.197519
vt 0.309356 0.200346
vt 0.305290 0.200346
vt 0.309356 0.228687
vt 0.305290 0.228687
vt 0.313498 0.231686
vt 0.309432 0.231686
vt 0.313498 0.263336
vt 0.309432 0.263336
vt 0.309356 0.267021
vt 0.305290 0.267021
vt 0.309356 0.294318
vt 0.305290 0.294318
vt 0.313498 0.298091
vt 0.309432 0.298091
vt 0.309432 0.313675
vt 0.313498 0.313675
vt 0.224768 0.944982
vt 0.224151 0.944982
vt 0.224151 0.888892
vt 0.224768 0.888892
vt 0.223466 0.944982
vt 0.223466 0.888892
vt 0.222782 0.944982
vt 0.222782 0.888892
vt 0.222165 0.944982
vt 0.222165 0.888892
vt 0.204268 0.888891
vt 0.204885 0.888891
vt 0.204885 0.944981
vt 0.204268 0.944981
vt 0.205569 0.888891
vt 0.205569 0.944981
vt 0.206253 0.888891
vt 0.206253 0.944981
vt 0.206871 0.888891
vt 0.206871 0.944981
vt 0.188973 0.944982
vt 0.188356 0.944982
vt 0.188356 0.888892
vt 0.188973 0.888892
vt 0.187672 0.944982
vt 0.187672 0.888892
vt 0.186988 0.944982
vt 0.186988 0.888892
vt 0.186370 0.944982
vt 0.186370 0.888892
vt 0.168473 0.888891
vt 0.169090 0.888891
vt 0.169090 0.944981
vt 0.168473 0.944981
vt 0.169775 0.888891
vt 0.169775 0.944981
vt 0.170459 0.888891
vt 0.170459 0.944981
vt 0.171076 0.888891
vt 0.171076 0.944981
vt 0.749862 0.746254
vt 0.749862 0.719917
vt 0.753288 0.719917
vt 0.753288 0.746254
vt 0.753288 0.717460
vt 0.749862 0.717460
vt 0.753288 0.665165
vt 0.749862 0.665165
vt 0.753288 0.612869
vt 0.749862 0.612869
vt 0.753288 0.610412
vt 0.749862 0.610412
vt 0.753288 0.584075
vt 0.749862 0.584075
vt 0.515138 0.663507
vt 0.515138 0.688397
vt 0.513625 0.688397
vt 0.513625 0.663507
vt 0.513625 0.690719
vt 0.515138 0.690719
vt 0.513625 0.660943
vt 0.515138 0.660943
vt 0.513625 0.740143
vt 0.515138 0.740143
vt 0.515138 0.608527
vt 0.513625 0.608527
vt 0.513625 0.789567
vt 0.515138 0.789567
vt 0.513625 0.791889
vt 0.515138 0.791889
vt 0.513625 0.816779
vt 0.515138 0.816779
vt 0.515138 0.819343
vt 0.513625 0.819343
vt 0.513625 0.871759
vt 0.515138 0.871759
vt 0.002450 0.888145
vt 0.003723 0.887196
vt 0.017227 0.931857
vt 0.015954 0.932806
vt 0.023786 0.887196
vt 0.037290 0.931857
vt 0.003175 0.982227
vt 0.001901 0.981277
vt 0.015405 0.936616
vt 0.016678 0.937566
vt 0.036741 0.937566
vt 0.023237 0.982227
vt 0.117256 0.887292
vt 0.118586 0.888229
vt 0.104579 0.933031
vt 0.103249 0.932094
vt 0.097800 0.887196
vt 0.083793 0.931997
vt 0.077938 0.931997
vt 0.076608 0.932934
vt 0.062601 0.888132
vt 0.063931 0.887196
vt 0.043145 0.888229
vt 0.057152 0.933031
vt 0.496209 0.149897
vt 0.495812 0.157834
vt 0.496209 0.165771
vt 0.385447 0.149897
vt 0.385447 0.157834
vt 0.385447 0.165771
vt 0.496209 0.149897
vt 0.495812 0.157834
vt 0.385447 0.157834
vt 0.385447 0.149897
vt 0.496209 0.165771
vt 0.385447 0.165771
vt 0.148290 0.165771
vt 0.148290 0.157834
vt 0.148290 0.149897
vt 0.253260 0.165771
vt 0.253260 0.157834
vt 0.253260 0.149897
vt 0.253260 0.157834
vt 0.253260 0.165771
vt 0.148290 0.165771
vt 0.148290 0.157834
vt 0.253260 0.149897
vt 0.148290 0.149897
vn 0.636694 -0.000001 0.771116
vn 0.636694 -0.000001 0.771116
vn 0.636694 -0.000001 0.771116
vn 0.636694 -0.000001 0.771116
vn 0.330793 0.903315 -0.273127
vn 0.330793 0.903315 -0.273127
vn 0.330793 0.903315 -0.273127
vn 0.330793 0.903315 -0.273127
vn -0.636691 0.000000 -0.771119
vn -0.636691 0.000000 -0.771119
vn -0.636691 0.000000 -0.771119
vn -0.636691 0.000000 -0.771119
vn -0.330793 -0.903315 0.273126
vn -0.330793 -0.903315 0.273126
vn -0.330793 -0.903315 0.273126
vn -0.330793 -0.903315 0.273126
vn 0.696563 -0.428978 -0.575132
vn 0.696563 -0.428978 -0.575132
vn 0.696563 -0.428978 -0.575132
vn 0.696563 -0.428978 -0.575132
vn -0.696563 0.428978 0.575132
vn -0.696563 0.428978 0.575132
vn -0.696563 0.428978 0.575132
vn -0.696563 0.428978 0.575132
vn -0.663904 0.003720 0.747808
vn -0.663904 0.003720 0.747808
vn -0.663904 0.003720 0.747808
vn -0.663904 0.003720 0.747808
vn -0.314028 0.906161 -0.283300
vn -0.314028 0.906161 -0.283300
vn -0.314028 0.906161 -0.283300
vn -0.314028 0.906161 -0.283300
vn 0.663904 -0.003720 -0.747808
vn 0.663904 -0.003720 -0.747808
vn 0.663904 -0.003720 -0.747808
vn 0.663904 -0.003720 -0.747808
vn 0.314029 -0.906160 0.283303
vn 0.314029 -0.906160 0.283303
vn 0.314029 -0.906160 0.283303
vn 0.314029 -0.906160 0.283303
vn 0.678689 0.422918 0.600435
vn 0.678689 0.422918 0.600435
vn 0.678689 0.422918 0.600435
vn 0.678689 0.422918 0.600435
vn -0.678689 -0.422918 -0.600435
vn -0.678689 -0.422918 -0.600435
vn -0.678689 -0.422918 -0.600435
vn -0.678689 -0.422918 -0.600435
vn 0.000000 0.000000 1.000000
vn 0.000000 0.000000 1.000000
vn 0.000000 0.000000 1.000000
vn 0.000000 0.000000 1.000000
vn 0.000000 1.000000 0.000000
vn 0.000000 1.000000 0.000000
vn 0.000000 1.000000 0.000000
vn 0.000000 1.000000 0.000000
vn 0.000000 0.000000 -1.000000
vn 0.000000 0.000000 -1.000000
vn 0.000000 0.000000 -1.000000
vn 0.000000 0.000000 -1.000000
vn 0.000000 -1.000000 0.000000
vn 0.000000 -1.000000 0.000000
vn 0.000000 -1.000000 0.000000
vn 0.000000 -1.000000 0.000000
vn 1.000000 0.000000 0.000000
vn 1.000000 0.000000 0.000000
vn 1.000000 0.000000 0.000000
vn 1.000000 0.000000 0.000000
vn -1.000000 0.000000 0.000000
vn -1.000000 0.000000 0.000000
vn -1.000000 0.000000 0.000000
vn -1.000000 0.000000 0.000000
vn 0.000000 -1.000000 0.000000
vn 0.000000 -1.000000 0.000000
vn 0.000000 -1.000000 0.000000
vn 0.000000 -1.000000 0.000000
vn 0.000000 0.000000 -1.000000
vn 0.000000 0.000000 -1.000000
vn 0.000000 0.000000 -1.000000
vn 0.000000 0.000000 -1.000000
vn 0.000000 1.000000 0.000000
vn 0.000000 1.000000 0.000000
vn 0.000000 1.000000 0.000000
vn 0.000000 1.000000 0.000000
vn 0.564803 0.000000 0.825226
vn 0.564803 0.000000 0.825226
vn 0.564803 0.000000 0.825226
vn 0.564803 0.000000 0.825226
vn 0.000000 -1.000000 0.000000
vn 0.000000 -1.000000 0.000000
vn 0.000000 -1.000000 0.000000
vn 0.000000 -1.000000 0.000000
vn -0.230435 0.000000 0.973088
vn -0.230435 0.000000 0.973088
vn -0.230435 0.000000 0.973088
vn -0.230435 0.000000 0.973088
vn 0.000000 1.000000 0.000000
vn 0.000000 1.000000 0.000000
vn 0.000000 1.000000 0.000000
vn 0.000000 1.000000 0.000000
vn 0.000000 1.000000 0.000000
vn 0.000000 1.000000 0.000000
vn 0.000000 1.000000 0.000000
vn 0.000000 1.000000 0.000000
vn 0.000000 1.000000 0.000000
vn 0.000000 1.000000 0.000000
vn 0.000000 1.000000 0.000000
vn 0.000000 1.000000 0.000000
vn 1.000000 0.000000 0.000000
vn 1.000000 0.000000 0.000000
vn 1.000000 0.000000 0.000000
vn 1.000000 0.000000 0.000000
vn 0.000000 -1.000000 0.000000
vn 0.000000 -1.000000 0.000000
vn 0.000000 -1.000000 0.000000
vn 0.000000 -1.000000 0.000000
vn 0.000000 -1.000000 -0.000000
vn 0.000000 -1.000000 -0.000000
vn 0.000000 -1.000000 -0.000000
vn 0.000000 -1.000000 -0.000000
vn 0.000000 -1.000000 -0.000000
vn 0.000000 -1.000000 0.000000
vn 0.000000 -1.000000 0.000000
vn 0.000000 -1.000000 0.000000
vn 0.000000 -1.000000 0.000000
vn -1.000000 0.000000 0.000000
vn -1.000000 0.000000 0.000000
vn -1.000000 0.000000 0.000000
vn -1.000000 0.000000 0.000000
vn 0.000000 1.000000 0.000000
vn 0.000000 1.000000 0.000000
vn 0.000000 1.000000 0.000000
vn 0.000000 1.000000 0.000000
vn 0.000000 -1.000000 0.000000
vn 0.000000 -1.000000 0.000000
vn 0.000000 -1.000000 0.000000
vn 0.000000 -1.000000 0.000000
vn 0.000000 -1.000000 0.000000
vn 0.000000 -1.000000 0.000000
vn 0.000000 -1.000000 0.000000
vn 0.000000 -1.000000 0.000000
vn 1.000000 0.000005 0.000000
vn 1.000000 0.000005 0.000000
vn 1.000000 0.000005 0.000000
vn 1.000000 0.000005 0.000000
vn 0.000000 1.000000 0.000000
vn 0.000000 1.000000 0.000000
vn 0.000000 1.000000 0.000000
vn 0.000000 1.000000 0.000000
vn 0.000000 1.000000 0.000000
vn 0.000000 1.000000 0.000000
vn 0.000000 1.000000 0.000000
vn 0.000000 1.000000 0.000000
vn 0.000000 1.000000 0.000000
vn 0.000000 1.000000 0.000000
vn 0.000000 1.000000 0.000000
vn 0.000000 1.000000 0.000000
vn -1.000000 0.000005 0.000000
vn -1.000000 0.000005 0.000000
vn -1.000000 0.000005 0.000000
vn -1.000000 0.000005 0.000000
vn 0.000000 -1.000000 0.000000
vn 0.000000 -1.000000 0.000000
vn 0.000000 -1.000000 0.000000
vn 0.000000 -1.000000 0.000000
vn 0.000000 -1.000000 0.000000
vn 0.000000 -1.000000 0.000000
vn 0.000000 -1.000000 0.000000
vn 0.000000 -1.000000 0.000000
vn 0.000000 -1.000000 0.000000
vn 0.000000 -1.000000 0.000000
vn 0.000000 -1.000000 0.000000
vn 0.000000 -1.000000 0.000000
vn 0.000000 -1.000000 0.000000
vn 0.000000 -1.000000 0.000000
vn 0.000000 -1.000000 0.000000
vn 0.000000 -1.000000 0.000000
vn -0.564802 0.000000 0.825227
vn -0.564802 0.000000 0.825227
vn -0.564802 0.000000 0.825227
vn -0.564802 0.000000 0.825227
vn 0.000000 1.000000 0.000000
vn 0.000000 1.000000 0.000000
vn 0.000000 1.000000 0.000000
vn 0.000000 1.000000 0.000000
vn 0.000000 1.000000 0.000000
vn 0.000000 1.000000 0.000000
vn 0.000000 1.000000 0.000000
vn 0.000000 1.000000 0.000000
vn 0.000000 1.000000 0.000000
vn 0.000000 1.000000 0.000000
vn 0.000000 1.000000 0.000000
vn 0.000000 1.000000 0.000000
vn 0.000000 0.000000 -1.000000
vn 0.000000 0.000000 -1.000000
vn 0.000000 0.000000 -1.000000
vn 0.000000 0.000000 -1.000000
vn 0.000000 -1.000000 0.000000
vn 0.000000 -1.000000 0.000000
vn 0.000000 -1.000000 0.000000
vn 0.000000 -1.000000 0.000000
vn 0.000000 -1.000000 0.000000
vn 0.000000 -1.000000 0.000000
vn 0.000000 -1.000000 0.000000
vn 0.000000 -1.000000 0.000000
vn 0.000000 -1.000000 0.000000
vn 0.000000 -1.000000 0.000000
vn 0.000000 -1.000000 0.000000
vn 0.000000 -1.000000 0.000000
vn 0.230435 0.000000 0.973088
vn 0.230435 0.000000 0.973088
vn 0.230435 0.000000 0.973088
vn 0.230435 0.000000 0.973088
vn 0.000000 1.000000 0.000000
vn 0.000000 1.000000 0.000000
vn 0.000000 1.000000 0.000000
vn 0.000000 1.000000 0.000000
vn 0.000000 1.000000 0.000000
vn 0.000000 1.000000 0.000000
vn 0.000000 1.000000 0.000000
vn 0.000000 1.000000 0.000000
vn 0.000000 1.000000 0.000000
vn 0.000000 1.000000 0.000000
vn 0.000000 1.000000 0.000000
vn 0.000000 1.000000 0.000000
vn 0.000000 -1.000000 0.000000
vn 0.000000 -1.000000 0.000000
vn 0.000000 -1.000000 0.000000
vn 0.000000 -1.000000 0.000000
vn 0.000000 -1.000000 0.000000
vn 0.000000 -1.000000 0.000000
vn 0.000000 -1.000000 0.000000
vn 0.000000 -1.000000 0.000000
vn 0.000000 -1.000000 0.000000
vn 0.000000 -1.000000 0.000000
vn 0.000000 -1.000000 0.000000
vn 0.000000 -1.000000 0.000000
vn 0.000000 -1.000000 0.000000
vn 1.000000 0.000000 0.000000
vn 1.000000 0.000000 0.000000
vn 1.000000 0.000000 0.000000
vn 1.000000 0.000000 0.000000
vn 0.000000 1.000000 0.000000
vn 0.000000 1.000000 0.000000
vn 0.000000 1.000000 0.000000
vn 0.000000 1.000000 0.000000
vn 0.000000 1.000000 0.000000
vn 0.000000 1.000000 0.000000
vn 0.000000 1.000000 0.000000
vn 0.000000 1.000000 0.000000
vn 0.000000 1.000000 0.000000
vn 0.000000 1.000000 0.000000
vn 0.000000 1.000000 0.000000
vn 0.000000 1.000000 0.000000
vn -0.000000 1.000000 -0.000001
vn -0.000000 1.000000 -0.000001
vn -0.000000 1.000000 -0.000001
vn -0.000000 1.000000 -0.000001
vn 0.000000 1.000000 -0.000002
vn 0.000000 1.000000 -0.000002
vn 0.000000 1.000000 -0.000002
vn 0.000000 1.000000 -0.000002
vn -1.000000 0.000000 0.000000
vn -1.000000 0.000000 0.000000
vn -1.000000 0.000000 0.000000
vn -1.000000 0.000000 0.000000
vn 0.000000 -1.000000 0.000000
vn 0.000000 -1.000000 0.000000
vn 0.000000 -1.000000 0.000000
vn 0.000000 -1.000000 0.000000
vn 0.000000 -1.000000 0.000000
vn 0.000000 -1.000000 0.000000
vn 0.000000 -1.000000 0.000000
vn 0.000000 -1.000000 0.000000
vn 1.000000 -0.000004 0.000000
vn 1.000000 -0.000004 0.000000
vn 1.000000 -0.000004 0.000000
vn 1.000000 -0.000004 0.000000
vn 0.000000 -1.000000 0.000000
vn 0.000000 -1.000000 0.000000
vn 0.000000 -1.000000 0.000000
vn 0.000000 -1.000000 0.000000
vn 0.000000 -1.000000 0.000000
vn 0.000000 -1.000000 0.000000
vn 0.000000 -1.000000 0.000000
vn 0.000000 -1.000000 0.000000
vn 0.000000 -1.000000 0.000000
vn 0.000000 -1.000000 0.000000
vn 0.000000 -1.000000 0.000000
vn 0.000000 -1.000000 0.000000
vn 0.000000 -1.000000 0.000000
vn 0.000000 -1.000000 0.000000
vn 0.000000 -1.000000 0.000000
vn 0.000000 -1.000000 0.000000
vn 0.000000 -1.000000 0.000000
vn 0.000000 -1.000000 0.000000
vn 0.000000 -1.000000 0.000000
vn 0.000000 -1.000000 0.000000
vn -1.000000 -0.000004 0.000000
vn -1.000000 -0.000004 0.000000
vn -1.000000 -0.000004 0.000000
vn -1.000000 -0.000004 0.000000
vn 0.000000 1.000000 0.000000
vn 0.000000 1.000000 0.000000
vn 0.000000 1.000000 0.000000
vn 0.000000 1.000000 0.000000
vn 0.000000 1.000000 0.000000
vn 0.000000 1.000000 0.000000
vn 0.000000 1.000000 0.000000
vn 0.000000 1.000000 0.000000
vn 0.000000 1.000000 0.000000
vn 0.000000 1.000000 0.000000
vn 0.000000 1.000000 0.000000
vn 0.000000 1.000000 0.000000
vn 0.000000 1.000000 0.000000
vn 0.000000 1.000000 0.000000
vn 0.000000 1.000000 0.000000
vn 0.000000 1.000000 0.000000
vn 0.000000 1.000000 0.000000
vn 0.000000 1.000000 0.000000
vn 0.000000 1.000000 0.000000
vn 0.000000 1.000000 0.000000
vn 1.000000 0.000000 0.000000
vn 1.000000 0.000000 0.000000
vn 1.000000 0.000000 0.000000
vn 1.000000 0.000000 0.000000
vn 0.000000 -1.000000 0.000000
vn 0.000000 -1.000000 0.000000
vn 0.000000 -1.000000 0.000000
vn 0.000000 -1.000000 0.000000
vn 0.000000 -1.000000 0.000000
vn 0.000000 -1.000000 0.000000
vn 0.000000 -1.000000 0.000000
vn 0.000000 -1.000000 0.000000
vn 0.000000 -1.000000 0.000000
vn 0.000000 -1.000000 0.000000
vn 0.000000 -1.000000 0.000000
vn 0.000000 -1.000000 0.000000
vn 0.000000 -1.000000 0.000000
vn 0.000000 -1.000000 0.000000
vn 0.000000 -1.000000 0.000000
vn 0.000000 -1.000000 0.000000
vn 0.000000 -1.000000 0.000000
vn 0.000000 -1.000000 0.000000
vn 0.000000 -1.000000 0.000000
vn 0.000000 -1.000000 0.000000
vn -1.000000 0.000000 0.000000
vn -1.000000 0.000000 0.000000
vn -1.000000 0.000000 0.000000
vn -1.000000 0.000000 0.000000
vn 0.000000 1.000000 0.000000
vn 0.000000 1.000000 0.000000
vn 0.000000 1.000000 0.000000
vn 0.000000 1.000000 0.000000
vn 0.000000 1.000000 0.000000
vn 0.000000 1.000000 0.000000
vn 0.000000 1.000000 0.000000
vn 0.000000 1.000000 0.000000
vn 0.000000 1.000000 0.000000
vn 0.000000 1.000000 0.000000
vn 0.000000 1.000000 0.000000
vn 0.000000 1.000000 0.000000
vn 0.000000 1.000000 0.000000
vn 0.000000 1.000000 0.000000
vn 0.000000 1.000000 0.000000
vn 0.000000 1.000000 0.000000
vn 0.000000 1.000000 0.000000
vn 0.000000 1.000000 0.000000
vn 0.000000 1.000000 0.000000
vn 0.000000 1.000000 0.000000
vn 1.000000 -0.000004 0.000000
vn 1.000000 -0.000004 0.000000
vn 1.000000 -0.000004 0.000000
vn 1.000000 -0.000004 0.000000
vn 0.000000 -1.000000 0.000000
vn 0.000000 -1.000000 0.000000
vn 0.000000 -1.000000 0.000000
vn 0.000000 -1.000000 0.000000
vn 0.000000 -1.000000 0.000000
vn 0.000000 -1.000000 0.000000
vn 0.000000 -1.000000 0.000000
vn 0.000000 -1.000000 0.000000
vn 0.000000 -1.000000 0.000000
vn 0.000000 -1.000000 0.000000
vn 0.000000 -1.000000 0.000000
vn 0.000000 -1.000000 0.000000
vn 0.000000 -1.000000 0.000000
vn 0.000000 -1.000000 0.000000
vn 0.000000 -1.000000 0.000000
vn 0.000000 -1.000000 0.000000
vn 0.000000 -1.000000 0.000000
vn 0.000000 -1.000000 0.000000
vn 0.000000 -1.000000 0.000000
vn 0.000000 -1.000000 0.000000
vn -1.000000 -0.000004 0.000000
vn -1.000000 -0.000004 0.000000
vn -1.000000 -0.000004 0.000000
vn -1.000000 -0.000004 0.000000
vn 0.000000 1.000000 0.000000
vn 0.000000 1.000000 0.000000
vn 0.000000 1.000000 0.000000
vn 0.000000 1.000000 0.000000
vn 0.000000 1.000000 0.000000
vn 0.000000 1.000000 0.000000
vn 0.000000 1.000000 0.000000
vn 0.000000 1.000000 0.000000
vn 0.000000 1.000000 0.000000
vn 0.000000 1.000000 0.000000
vn 0.000000 1.000000 0.000000
vn 0.000000 1.000000 0.000000
vn 0.000000 1.000000 0.000000
vn 0.000000 1.000000 0.000000
vn 0.000000 1.000000 0.000000
vn 0.000000 1.000000 0.000000
vn 0.000000 1.000000 0.000000
vn 0.000000 1.000000 0.000000
vn 0.000000 1.000000 0.000000
vn 0.000000 1.000000 0.000000
vn 0.000000 -0.569685 0.821863
vn 0.000000 -0.569685 0.821863
vn 0.000000 -0.569685 0.821863
vn 0.000000 -0.569685 0.821863
vn 0.000000 0.418097 -0.908402
vn 0.000000 0.418097 -0.908402
vn 0.000000 0.418097 -0.908402
vn 0.000000 0.418097 -0.908402
vn 1.000000 0.000025 -0.000034
vn 1.000000 0.000025 -0.000034
vn 1.000000 0.000025 -0.000034
vn 1.000000 0.000025 -0.000034
vn -0.531308 0.354203 -0.769579
vn -0.531308 0.354203 -0.769579
vn -0.531308 0.354203 -0.769579
vn -0.531308 0.354203 -0.769579
vn 0.495417 -0.494860 0.713916
vn 0.495417 -0.494860 0.713916
vn 0.495417 -0.494860 0.713916
vn 0.495417 -0.494860 0.713916
vn -1.000000 -0.000026 0.000041
vn -1.000000 -0.000026 0.000041
vn -1.000000 -0.000026 0.000041
vn -1.000000 -0.000026 0.000041
vn -0.495415 -0.494860 0.713917
vn -0.495415 -0.494860 0.713917
vn -0.495415 -0.494860 0.713917
vn -0.495415 -0.494860 0.713917
vn 0.496190 0.431113 -0.753616
vn 0.496190 0.431113 -0.753616
vn 0.496190 0.431113 -0.753616
vn 0.496190 0.431113 -0.753616
vn 0.000000 0.976371 0.216103
vn 0.000000 0.883134 0.469120
vn 0.000000 0.883134 0.469121
vn 0.000000 0.976371 0.216103
vn 0.000000 0.945822 -0.324685
vn 0.000000 0.771797 -0.635869
vn 0.000000 0.771797 -0.635869
vn 0.000000 0.945822 -0.324685
vn 1.000000 -0.000001 -0.000012
vn 1.000000 -0.000001 -0.000013
vn 1.000000 -0.000004 -0.000017
vn 1.000000 -0.000004 -0.000017
vn -0.232760 0.919844 -0.315768
vn -0.481465 0.584439 -0.653164
vn -0.386712 0.758437 -0.524621
vn -0.232760 0.919844 -0.315768
vn 0.531837 0.360249 0.766401
vn 0.496459 0.491635 0.715419
vn 0.370698 0.759750 0.534194
vn 0.370698 0.759750 0.534194
vn -1.000000 0.000003 0.000013
vn -1.000000 0.000002 0.000012
vn -1.000000 0.000010 0.000017
vn -1.000000 0.000010 0.000017
vn -0.496458 0.491635 0.715419
vn -0.531836 0.360250 0.766401
vn -0.370698 0.759750 0.534194
vn -0.370698 0.759750 0.534194
vn 0.232759 0.919845 -0.315768
vn 0.386710 0.758437 -0.524622
vn 0.481461 0.584441 -0.653165
vn 0.232759 0.919845 -0.315768
vn -0.000000 -0.999744 0.022617
vn -0.000000 -0.999744 0.022617
vn -0.000000 -0.999744 0.022617
vn -0.000000 -0.999744 0.022617
vn 0.000000 1.000000 0.000000
vn 0.000000 1.000000 0.000000
vn 0.000000 1.000000 0.000000
vn 0.000000 1.000000 0.000000
vn 0.014894 -0.999671 0.020894
vn 0.014894 -0.999671 0.020894
vn 0.014894 -0.999671 0.020894
vn 0.014894 -0.999671 0.020894
vn 0.000000 1.000000 0.000000
vn 0.000000 1.000000 0.000000
vn 0.000000 1.000000 0.000000
vn 0.000000 1.000000 0.000000
vn 0.960091 0.186224 -0.208677
vn 0.974969 0.075878 -0.208993
vn 0.977585 0.030143 -0.208370
vn 0.960091 0.186224 -0.208677
vn 0.088234 -0.995183 -0.042727
vn 0.088234 -0.995183 -0.042727
vn 0.088234 -0.995183 -0.042727
vn 0.088234 -0.995183 -0.042727
vn -0.977643 0.028427 -0.208340
vn -0.975405 0.070201 -0.208941
vn -0.962473 0.173281 -0.208851
vn -0.962473 0.173281 -0.208851
vn 0.000000 1.000000 -0.000000
vn 0.000000 1.000000 -0.000000
vn 0.000000 1.000000 -0.000000
vn 0.000000 1.000000 -0.000000
vn 0.000000 -0.418098 0.908402
vn 0.000000 -0.418098 0.908402
vn 0.000000 -0.418098 0.908402
vn 0.000000 -0.418098 0.908402
vn 0.530433 -0.354434 0.770077
vn 0.530433 -0.354434 0.770077
vn 0.530433 -0.354434 0.770077
vn 0.530433 -0.354434 0.770077
vn 1.000000 0.000022 -0.000008
vn 1.000000 0.000022 -0.000008
vn 1.000000 0.000022 -0.000008
vn 1.000000 0.000022 -0.000008
vn -0.550735 0.348968 -0.758229
vn -0.550735 0.348968 -0.758230
vn -0.550735 0.348968 -0.758230
vn -0.550735 0.348968 -0.758229
vn 0.109108 0.415602 -0.902979
vn 0.109108 0.415602 -0.902979
vn 0.109108 0.415602 -0.902979
vn 0.109108 0.415602 -0.902979
vn 0.550734 0.348972 -0.758229
vn 0.550734 0.348972 -0.758229
vn 0.550734 0.348972 -0.758229
vn 0.550734 0.348972 -0.758229
vn -1.000000 -0.000018 0.000008
vn -1.000000 -0.000018 0.000008
vn -1.000000 -0.000018 0.000008
vn -1.000000 -0.000018 0.000008
vn -0.530429 -0.354435 0.770079
vn -0.530429 -0.354435 0.770079
vn -0.530429 -0.354435 0.770079
vn -0.530429 -0.354435 0.770079
vn 0.000000 -0.418097 0.908403
vn 0.000000 -0.418097 0.908403
vn 0.000000 -0.418097 0.908403
vn 0.000000 -0.418097 0.908403
vn 0.533267 -0.353688 0.768461
vn 0.533267 -0.353688 0.768461
vn 0.533267 -0.353688 0.768461
vn 0.533267 -0.353688 0.768461
vn 1.000000 0.000003 -0.000005
vn 1.000000 0.000003 -0.000005
vn 1.000000 0.000003 -0.000005
vn 1.000000 0.000003 -0.000005
vn -0.531308 0.354203 -0.769579
vn -0.531308 0.354203 -0.769580
vn -0.531308 0.354203 -0.769579
vn -0.531308 0.354203 -0.769579
vn 0.000000 0.418097 -0.908402
vn 0.000000 0.418097 -0.908403
vn 0.000000 0.418097 -0.908402
vn 0.000000 0.418097 -0.908402
vn 0.531304 0.354204 -0.769582
vn 0.531304 0.354204 -0.769582
vn 0.531304 0.354204 -0.769582
vn 0.531304 0.354204 -0.769582
vn -1.000000 -0.000002 0.000005
vn -1.000000 -0.000002 0.000005
vn -1.000000 -0.000002 0.000005
vn -1.000000 -0.000002 0.000005
vn -0.533265 -0.353688 0.768461
vn -0.533265 -0.353688 0.768461
vn -0.533265 -0.353688 0.768461
vn -0.533265 -0.353688 0.768461
vn -0.003248 -0.999991 -0.002744
vn -0.003248 -0.999991 -0.002744
vn -0.003248 -0.999991 -0.002744
vn -0.003248 -0.999991 -0.002744
vn 0.002543 0.999995 0.001749
vn 0.002543 0.999995 0.001749
vn 0.002543 0.999995 0.001749
vn 0.002543 0.999995 0.001749
vn 0.798817 0.555585 -0.230689
vn 0.798817 0.555585 -0.230689
vn 0.798817 0.555585 -0.230689
vn 0.798817 0.555585 -0.230689
vn 0.000083 -0.999999 -0.001402
vn 0.000083 -0.999999 -0.001402
vn 0.000083 -0.999999 -0.001402
vn 0.000083 -0.999999 -0.001402
vn -0.000066 0.999999 0.001117
vn -0.000066 0.999999 0.001117
vn -0.000066 0.999999 0.001117
vn -0.000066 0.999999 0.001117
vn 0.000687 -0.999999 0.000871
vn 0.000687 -0.999999 0.000871
vn 0.000687 -0.999999 0.000871
vn 0.000687 -0.999999 0.000871
vn -0.798815 0.555588 -0.230689
vn -0.798815 0.555588 -0.230689
vn -0.798815 0.555588 -0.230689
vn -0.798815 0.555588 -0.230689
vn -0.000904 1.000000 -0.000565
vn -0.000904 1.000000 -0.000565
vn -0.000904 0.999999 -0.000565
vn -0.000904 1.000000 -0.000565
vn 0.000000 -1.000000 0.000000
vn 0.000000 -1.000000 0.000000
vn 0.000000 -1.000000 0.000000
vn 0.000000 -1.000000 0.000000
vn 0.000000 -1.000000 0.000000
vn 0.000000 -1.000000 0.000000
vn 0.000000 -1.000000 0.000000
vn 0.000000 -1.000000 0.000000
vn 0.000000 -1.000000 0.000000
vn 0.000000 -1.000000 0.000000
vn 0.000000 -1.000000 0.000000
vn 0.000000 -1.000000 0.000000
vn 0.000000 -1.000000 0.000000
vn 0.000000 -1.000000 0.000000
vn 0.000000 -1.000000 0.000000
vn 0.000000 -1.000000 0.000000
vn 0.000000 -1.000000 0.000000
vn 0.000000 -1.000000 0.000000
vn 0.000000 -1.000000 0.000000
vn 0.000000 -1.000000 0.000000
vn 0.000000 -1.000000 0.000000
vn 0.000000 -1.000000 0.000000
vn 0.000000 -1.000000 0.000000
vn 0.000000 -1.000000 0.000000
vn 0.000000 0.000000 -1.000000
vn 0.000000 0.000000 -1.000000
vn 0.000000 0.000000 -1.000000
vn 0.000000 0.000000 -1.000000
vn 0.000000 1.000000 0.000000
vn 0.000000 1.000000 0.000000
vn 0.000000 1.000000 0.000000
vn 0.000000 1.000000 0.000000
vn 0.000000 1.000000 0.000000
vn 0.000000 1.000000 0.000000
vn 0.000000 1.000000 0.000000
vn 0.000000 1.000000 0.000000
vn 0.000000 1.000000 0.000000
vn 0.000000 1.000000 0.000000
vn 0.000000 1.000000 0.000000
vn 0.000000 1.000000 0.000000
vn 0.000000 1.000000 0.000000
vn 0.000000 1.000000 0.000000
vn 0.000000 1.000000 0.000000
vn 0.000000 1.000000 0.000000
vn 0.000000 1.000000 0.000000
vn 0.000000 1.000000 0.000000
vn 0.000000 1.000000 0.000000
vn 0.000000 1.000000 0.000000
vn 0.000000 0.418097 -0.908402
vn 0.000000 0.418097 -0.908402
vn 0.000000 0.418097 -0.908402
vn 0.000000 0.418097 -0.908402
vn -0.000796 -0.999996 -0.002578
vn -0.000796 -0.999996 -0.002578
vn -0.000796 -0.999996 -0.002578
vn -0.000796 -0.999996 -0.002578
vn -0.497452 0.362692 -0.788033
vn -0.497452 0.362692 -0.788033
vn -0.497452 0.362692 -0.788033
vn -0.497452 0.362692 -0.788033
vn 0.000542 0.999998 0.001755
vn 0.000542 0.999998 0.001755
vn 0.000542 0.999998 0.001755
vn 0.000542 0.999998 0.001755
vn 0.000000 0.418097 -0.908402
vn 0.000000 0.418097 -0.908402
vn 0.000000 0.418097 -0.908402
vn 0.000000 0.418097 -0.908402
vn 0.000000 -0.999744 0.022617
vn 0.000000 -0.999744 0.022617
vn 0.000000 -0.999744 0.022617
vn 0.000000 -0.999744 0.022617
vn 0.000000 0.945822 -0.324685
vn 0.000000 0.771797 -0.635869
vn 0.000000 0.771797 -0.635869
vn 0.000000 0.945822 -0.324685
vn 0.000000 1.000000 0.000000
vn 0.000000 1.000000 0.000000
vn 0.000000 1.000000 0.000000
vn 0.000000 1.000000 0.000000
vn 0.000000 1.000000 0.000000
vn 0.000000 1.000000 0.000000
vn 0.000000 1.000000 0.000000
vn 0.000000 1.000000 0.000000
vn -0.132392 0.793618 0.593837
vn -0.155516 0.731580 0.663781
vn -0.045845 0.946731 0.318747
vn -0.045845 0.946731 0.318747
vn 0.000000 -0.569685 0.821863
vn 0.000000 -0.569685 0.821863
vn 0.000000 -0.569685 0.821863
vn 0.000000 -0.569685 0.821863
vn -0.008764 -0.418082 0.908367
vn -0.008764 -0.418082 0.908367
vn -0.008764 -0.418082 0.908367
vn -0.008764 -0.418082 0.908367
vn 0.000000 -0.418097 0.908403
vn 0.000000 -0.418097 0.908403
vn 0.000000 -0.418097 0.908403
vn 0.000000 -0.418097 0.908403
vn 0.000000 1.000000 0.000000
vn 0.000000 1.000000 0.000000
vn 0.000000 1.000000 0.000000
vn 0.000000 1.000000 0.000000
vn 0.000000 1.000000 0.000000
vn 0.000000 1.000000 0.000000
vn 0.000000 1.000000 0.000000
vn 0.000000 1.000000 0.000000
vn 0.000000 -0.418097 0.908403
vn 0.000000 -0.418097 0.908403
vn 0.000000 -0.418097 0.908403
vn 0.000000 -0.418097 0.908403
vn 0.008764 -0.418082 0.908367
vn 0.008764 -0.418082 0.908367
vn 0.008764 -0.418082 0.908367
vn 0.008764 -0.418082 0.908367
vn 0.000000 -0.569685 0.821863
vn 0.000000 -0.569685 0.821863
vn 0.000000 -0.569685 0.821863
vn 0.000000 -0.569685 0.821863
vn 0.045845 0.946731 0.318747
vn 0.155516 0.731581 0.663781
vn 0.132392 0.793618 0.593837
vn 0.045845 0.946731 0.318747
vn 0.000000 1.000000 0.000000
vn 0.000000 1.000000 0.000000
vn 0.000000 1.000000 0.000000
vn 0.000000 1.000000 0.000000
vn 0.000000 1.000000 0.000000
vn 0.000000 1.000000 0.000000
vn 0.000000 1.000000 0.000000
vn 0.000000 1.000000 0.000000
vn 0.000000 0.771797 -0.635869
vn 0.000000 0.771797 -0.635869
vn 0.000000 0.945822 -0.324685
vn 0.000000 0.945822 -0.324685
vn 0.000000 -0.999744 0.022617
vn 0.000000 -0.999744 0.022617
vn 0.000000 -0.999744 0.022617
vn 0.000000 -0.999744 0.022617
vn 0.000000 0.418097 -0.908402
vn 0.000000 0.418097 -0.908402
vn 0.000000 0.418097 -0.908402
vn 0.000000 0.418097 -0.908402
vn -0.000542 0.999998 0.001755
vn -0.000542 0.999998 0.001755
vn -0.000542 0.999998 0.001755
vn -0.000542 0.999998 0.001755
vn 0.497452 0.362691 -0.788034
vn 0.497452 0.362691 -0.788034
vn 0.497452 0.362691 -0.788034
vn 0.497452 0.362691 -0.788034
vn 0.000796 -0.999996 -0.002578
vn 0.000796 -0.999996 -0.002578
vn 0.000796 -0.999996 -0.002578
vn 0.000796 -0.999996 -0.002578
vn -0.000000 0.418097 -0.908402
vn -0.000000 0.418097 -0.908402
vn -0.000000 0.418097 -0.908402
vn -0.000000 0.418097 -0.908402
vn 0.000000 1.000000 0.000000
vn 0.000000 1.000000 0.000000
vn 0.000000 1.000000 0.000000
vn 0.000000 1.000000 0.000000
vn 0.000000 1.000000 0.000000
vn 0.000000 1.000000 0.000000
vn 0.000000 1.000000 0.000000
vn 0.000000 1.000000 0.000000
vn 0.000000 1.000000 0.000000
vn 0.000000 1.000000 0.000000
vn 0.000000 1.000000 0.000000
vn 0.000000 1.000000 0.000000
vn 0.000000 1.000000 0.000000
vn 0.000000 1.000000 0.000000
vn 0.000000 1.000000 0.000000
vn 0.000000 1.000000 0.000000
vn 0.000000 1.000000 0.000000
vn 0.000000 1.000000 0.000000
vn 0.000000 1.000000 0.000000
vn 0.000000 1.000000 0.000000
vn 0.000000 0.000000 -1.000000
vn 0.000000 0.000000 -1.000000
vn 0.000000 0.000000 -1.000000
vn 0.000000 0.000000 -1.000000
vn 0.000000 -1.000000 0.000000
vn 0.000000 -1.000000 0.000000
vn 0.000000 -1.000000 0.000000
vn 0.000000 -1.000000 0.000000
vn 0.000000 -1.000000 0.000000
vn 0.000000 -1.000000 0.000000
vn 0.000000 -1.000000 0.000000
vn 0.000000 -1.000000 0.000000
vn 0.000000 -1.000000 0.000000
vn 0.000000 -1.000000 0.000000
vn 0.000000 -1.000000 0.000000
vn 0.000000 -1.000000 0.000000
vn 0.000000 -1.000000 0.000000
vn 0.000000 -1.000000 0.000000
vn 0.000000 -1.000000 0.000000
vn 0.000000 -1.000000 0.000000
vn 0.000000 -1.000000 0.000000
vn 0.000000 -1.000000 0.000000
vn 0.000000 -1.000000 0.000000
vn 0.000000 -1.000000 0.000000
vn 0.000000 -1.000000 0.000000
vn 0.000000 -1.000000 0.000000
vn 0.000000 -1.000000 0.000000
vn 0.000000 -1.000000 0.000000
vn 0.000000 -1.000000 0.000000
vn 0.000000 -1.000000 0.000000
vn 0.000000 -1.000000 0.000000
vn 0.000000 -1.000000 0.000000
vn 0.000000 -1.000000 0.000000
vn 0.000000 -1.000000 0.000000
vn 0.000000 -1.000000 0.000000
vn 0.000000 -1.000000 0.000000
vn 0.000000 -1.000000 0.000000
vn 0.000000 -1.000000 0.000000
vn 0.000000 -1.000000 0.000000
vn 0.000000 -1.000000 0.000000
vn 0.000000 -1.000000 0.000000
vn 0.000000 -1.000000 0.000000
vn 0.000000 -1.000000 0.000000
vn 0.000000 -1.000000 0.000000
vn 0.000000 -1.000000 0.000000
vn 0.000000 -1.000000 0.000000
vn 0.000000 -1.000000 0.000000
vn 0.000000 -1.000000 0.000000
vn 0.000000 -1.000000 0.000000
vn 0.000000 -1.000000 0.000000
vn 0.000000 -1.000000 0.000000
vn 0.000000 -1.000000 0.000000
vn 0.000000 -1.000000 0.000000
vn 0.000000 -1.000000 0.000000
vn 0.000000 -1.000000 0.000000
vn 0.000000 -1.000000 0.000000
vn 0.000000 0.000000 -1.000000
vn 0.000000 0.000000 -1.000000
vn 0.000000 0.000000 -1.000000
vn 0.000000 0.000000 -1.000000
vn 0.000000 1.000000 0.000000
vn 0.000000 1.000000 0.000000
vn 0.000000 1.000000 0.000000
vn 0.000000 1.000000 0.000000
vn 0.000000 1.000000 0.000000
vn 0.000000 1.000000 0.000000
vn 0.000000 1.000000 0.000000
vn 0.000000 1.000000 0.000000
vn 0.000000 1.000000 0.000000
vn 0.000000 1.000000 0.000000
vn 0.000000 1.000000 0.000000
vn 0.000000 1.000000 0.000000
vn 0.000000 1.000000 0.000000
vn 0.000000 1.000000 0.000000
vn 0.000000 1.000000 0.000000
vn 0.000000 1.000000 0.000000
vn 0.000000 1.000000 0.000000
vn 0.000000 1.000000 0.000000
vn 0.000000 1.000000 0.000000
vn 0.000000 1.000000 0.000000
vn 0.000000 0.418097 -0.908403
vn 0.000000 0.418097 -0.908403
vn 0.000000 0.418097 -0.908403
vn 0.000000 0.418097 -0.908403
vn -0.003864 -0.999991 -0.001906
vn -0.003864 -0.999991 -0.001906
vn -0.003864 -0.999991 -0.001906
vn -0.003864 -0.999991 -0.001906
vn -0.966513 0.107291 -0.233111
vn -0.966513 0.107291 -0.233111
vn -0.966513 0.107291 -0.233111
vn -0.966513 0.107291 -0.233111
vn 0.002869 0.999995 0.001415
vn 0.002869 0.999995 0.001415
vn 0.002869 0.999995 0.001415
vn 0.002869 0.999995 0.001415
vn 0.000000 0.418097 -0.908402
vn 0.000000 0.418097 -0.908402
vn 0.000000 0.418097 -0.908402
vn 0.000000 0.418097 -0.908402
vn 0.000000 -0.999744 0.022617
vn 0.000000 -0.999744 0.022617
vn 0.000000 -0.999744 0.022617
vn 0.000000 -0.999744 0.022617
vn 0.000000 0.945822 -0.324686
vn 0.000000 0.771797 -0.635869
vn 0.000000 0.771797 -0.635869
vn 0.000000 0.945822 -0.324686
vn 0.000000 1.000000 0.000000
vn 0.000000 1.000000 0.000000
vn 0.000000 1.000000 0.000000
vn 0.000000 1.000000 0.000000
vn 0.000000 1.000000 0.000000
vn 0.000000 1.000000 0.000000
vn 0.000000 1.000000 0.000000
vn 0.000000 1.000000 0.000000
vn 0.000000 0.976371 0.216103
vn -0.000001 0.883135 0.469119
vn -0.000001 0.883135 0.469119
vn 0.000000 0.976371 0.216103
vn -0.000002 -0.569685 0.821863
vn -0.000002 -0.569685 0.821863
vn -0.000002 -0.569685 0.821863
vn -0.000002 -0.569685 0.821863
vn 0.000000 -0.418099 0.908401
vn 0.000000 -0.418099 0.908402
vn 0.000000 -0.418099 0.908401
vn 0.000000 -0.418099 0.908402
vn 0.000000 -0.418097 0.908402
vn 0.000000 -0.418097 0.908402
vn 0.000000 -0.418097 0.908402
vn 0.000000 -0.418097 0.908402
vn 0.000000 1.000000 0.000000
vn 0.000000 1.000000 0.000000
vn 0.000000 1.000000 0.000000
vn 0.000000 1.000000 0.000000
vn 0.000000 0.000000 1.000000
vn 0.000000 0.000000 1.000000
vn 0.000000 0.000000 1.000000
vn 0.000000 0.000000 1.000000
vn 0.000000 -1.000000 0.000000
vn 0.000000 -1.000000 0.000000
vn 0.000000 -1.000000 0.000000
vn 0.000000 -1.000000 0.000000
vn 0.000000 0.000000 1.000000
vn 0.000000 0.000000 1.000000
vn 0.000000 0.000000 1.000000
vn 0.000000 0.000000 1.000000
vn 0.000000 0.000000 1.000000
vn 0.000000 0.000000 1.000000
vn 0.000000 0.000000 1.000000
vn 0.000000 0.000000 1.000000
vn 0.000000 -1.000000 0.000000
vn 0.000000 -1.000000 0.000000
vn 0.000000 -1.000000 0.000000
vn 0.000000 -1.000000 0.000000
vn 0.000000 -1.000000 0.000000
vn 0.000000 -1.000000 0.000000
vn 0.000000 -1.000000 0.000000
vn 0.000000 0.000000 1.000000
vn 0.000000 0.000000 1.000000
vn 0.000000 0.000000 1.000000
vn 0.000000 0.000000 1.000000
vn 0.000000 1.000000 0.000000
vn 0.000000 1.000000 0.000000
vn 0.000000 1.000000 0.000000
vn 0.000000 1.000000 0.000000
vn 0.000000 -0.418097 0.908402
vn 0.000000 -0.418097 0.908402
vn 0.000000 -0.418097 0.908402
vn 0.000000 -0.418097 0.908402
vn 0.000000 -0.418099 0.908402
vn 0.000000 -0.418099 0.908402
vn 0.000000 -0.418099 0.908402
vn 0.000000 -0.418099 0.908402
vn 0.000000 -0.569684 0.821864
vn 0.000000 -0.569684 0.821864
vn 0.000000 -0.569684 0.821864
vn 0.000000 -0.569684 0.821864
vn 0.000000 0.976371 0.216103
vn -0.000001 0.883135 0.469120
vn -0.000001 0.883134 0.469121
vn 0.000000 0.976371 0.216103
vn 0.000000 1.000000 0.000000
vn 0.000000 1.000000 0.000000
vn 0.000000 1.000000 0.000000
vn 0.000000 1.000000 0.000000
vn 0.000000 1.000000 0.000000
vn 0.000000 1.000000 0.000000
vn 0.000000 1.000000 0.000000
vn 0.000000 1.000000 0.000000
vn 0.000000 0.945822 -0.324686
vn 0.000000 0.771797 -0.635869
vn 0.000000 0.771797 -0.635869
vn 0.000000 0.945822 -0.324686
vn 0.000000 -0.999744 0.022617
vn 0.000000 -0.999744 0.022617
vn 0.000000 -0.999744 0.022617
vn 0.000000 -0.999744 0.022617
vn -0.000003 0.418097 -0.908402
vn -0.000003 0.418097 -0.908402
vn -0.000003 0.418097 -0.908402
vn -0.000003 0.418097 -0.908402
vn -0.002869 0.999995 0.001415
vn -0.002869 0.999995 0.001415
vn -0.002869 0.999995 0.001415
vn -0.002869 0.999995 0.001415
vn 0.966513 0.107291 -0.233111
vn 0.966513 0.107291 -0.233111
vn 0.966513 0.107291 -0.233111
vn 0.966513 0.107291 -0.233111
vn 0.003864 -0.999991 -0.001906
vn 0.003864 -0.999991 -0.001906
vn 0.003864 -0.999991 -0.001906
vn 0.003864 -0.999991 -0.001906
vn -0.000002 0.418097 -0.908403
vn -0.000002 0.418097 -0.908403
vn -0.000002 0.418097 -0.908403
vn -0.000002 0.418097 -0.908403
vn 0.000000 1.000000 0.000000
vn 0.000000 1.000000 0.000000
vn 0.000000 1.000000 0.000000
vn 0.000000 1.000000 0.000000
vn 0.000000 1.000000 0.000000
vn 0.000000 1.000000 0.000000
vn 0.000000 1.000000 0.000000
vn 0.000000 1.000000 0.000000
vn 0.000000 1.000000 0.000000
vn 0.000000 1.000000 0.000000
vn 0.000000 1.000000 0.000000
vn 0.000000 1.000000 0.000000
vn 0.000000 1.000000 0.000000
vn 0.000000 1.000000 0.000000
vn 0.000000 1.000000 0.000000
vn 0.000000 1.000000 0.000000
vn 0.000000 1.000000 0.000000
vn 0.000000 1.000000 0.000000
vn 0.000000 1.000000 0.000000
vn 0.000000 1.000000 0.000000
vn 0.000000 0.000000 -1.000000
vn 0.000000 0.000000 -1.000000
vn 0.000000 0.000000 -1.000000
vn 0.000000 0.000000 -1.000000
vn 0.000000 -1.000000 0.000000
vn 0.000000 -1.000000 0.000000
vn 0.000000 -1.000000 0.000000
vn 0.000000 -1.000000 0.000000
vn 0.000000 -1.000000 0.000000
vn 0.000000 -1.000000 0.000000
vn 0.000000 -1.000000 0.000000
vn 0.000000 -1.000000 0.000000
vn 0.000000 -1.000000 0.000000
vn 0.000000 -1.000000 0.000000
vn 0.000000 -1.000000 0.000000
vn 0.000000 -1.000000 0.000000
vn 0.000000 -1.000000 0.000000
vn 0.000000 -1.000000 0.000000
vn 0.000000 -1.000000 0.000000
vn 0.000000 -1.000000 0.000000
vn 0.000000 -1.000000 0.000000
vn 0.000000 -1.000000 0.000000
vn 0.000000 -1.000000 0.000000
vn 0.000000 -1.000000 0.000000
vn 0.000000 -1.000000 0.000000
vn 0.000000 -1.000000 0.000000
vn 0.000000 -1.000000 0.000000
vn 0.000000 -1.000000 0.000000
vn 0.000000 -1.000000 0.000000
vn 0.000000 -1.000000 0.000000
vn 0.000000 -1.000000 0.000000
vn 0.000000 -1.000000 0.000000
vn 0.000000 -1.000000 0.000000
vn 0.000000 -1.000000 0.000000
vn 0.000000 -1.000000 0.000000
vn 0.000000 -1.000000 0.000000
vn 0.000000 -1.000000 0.000000
vn 0.000000 -1.000000 0.000000
vn 0.000000 -1.000000 0.000000
vn 0.000000 -1.000000 0.000000
vn 0.000000 1.000000 0.000000
vn 0.000000 1.000000 0.000000
vn 0.000000 1.000000 0.000000
vn 0.000000 1.000000 0.000000
vn 0.000000 -0.418097 0.908403
vn 0.000000 -0.418097 0.908403
vn 0.000000 -0.418097 0.908403
vn 0.000000 -0.418097 0.908403
vn -0.000000 -0.418099 0.908402
vn -0.000000 -0.418099 0.908402
vn -0.000000 -0.418099 0.908402
vn -0.000000 -0.418099 0.908402
vn 0.000000 -0.569685 0.821863
vn 0.000000 -0.569685 0.821863
vn 0.000000 -0.569685 0.821863
vn 0.000000 -0.569685 0.821863
vn 0.000000 0.976371 0.216103
vn 0.000000 0.883134 0.469120
vn 0.000000 0.883134 0.469120
vn 0.000000 0.976371 0.216103
vn 0.000000 1.000000 0.000000
vn 0.000000 1.000000 0.000000
vn 0.000000 1.000000 0.000000
vn 0.000000 1.000000 0.000000
vn 0.000000 1.000000 0.000000
vn 0.000000 1.000000 0.000000
vn 0.000000 1.000000 0.000000
vn 0.000000 1.000000 0.000000
vn 0.000000 0.945822 -0.324685
vn 0.000000 0.771797 -0.635869
vn 0.000000 0.771797 -0.635869
vn 0.000000 0.945822 -0.324685
vn 0.000000 -0.999744 0.022617
vn 0.000000 -0.999744 0.022617
vn 0.000000 -0.999744 0.022617
vn 0.000000 -0.999744 0.022617
vn 0.000000 0.418097 -0.908402
vn 0.000000 0.418097 -0.908402
vn 0.000000 0.418097 -0.908402
vn 0.000000 0.418097 -0.908402
vn 0.000066 0.999999 0.001117
vn 0.000066 0.999999 0.001117
vn 0.000066 0.999999 0.001117
vn 0.000066 0.999999 0.001117
vn -0.109108 0.415603 -0.902978
vn -0.109108 0.415603 -0.902978
vn -0.109108 0.415603 -0.902978
vn -0.109108 0.415603 -0.902978
vn -0.000083 -0.999999 -0.001402
vn -0.000083 -0.999999 -0.001402
vn -0.000083 -0.999999 -0.001402
vn -0.000083 -0.999999 -0.001402
vn 0.000000 0.418097 -0.908402
vn 0.000000 0.418097 -0.908402
vn 0.000000 0.418097 -0.908402
vn 0.000000 0.418097 -0.908402
vn 0.000000 1.000000 0.000000
vn 0.000000 1.000000 0.000000
vn 0.000000 1.000000 0.000000
vn 0.000000 1.000000 0.000000
vn 0.000000 1.000000 0.000000
vn 0.000000 1.000000 0.000000
vn 0.000000 1.000000 0.000000
vn 0.000000 1.000000 0.000000
vn 0.000000 1.000000 0.000000
vn 0.000000 1.000000 0.000000
vn 0.000000 1.000000 0.000000
vn 0.000000 1.000000 0.000000
vn 0.000000 1.000000 0.000000
vn 0.000000 1.000000 0.000000
vn 0.000000 1.000000 0.000000
vn 0.000000 1.000000 0.000000
vn 0.000000 1.000000 0.000000
vn 0.000000 1.000000 0.000000
vn 0.000000 1.000000 0.000000
vn 0.000000 1.000000 0.000000
vn 0.000000 0.000000 -1.000000
vn 0.000000 0.000000 -1.000000
vn 0.000000 0.000000 -1.000000
vn 0.000000 0.000000 -1.000000
vn 0.000000 -1.000000 0.000000
vn 0.000000 -1.000000 0.000000
vn 0.000000 -1.000000 0.000000
vn 0.000000 -1.000000 0.000000
vn 0.000000 -1.000000 0.000000
vn 0.000000 -1.000000 0.000000
vn 0.000000 -1.000000 0.000000
vn 0.000000 -1.000000 0.000000
vn 0.000000 -1.000000 0.000000
vn 0.000000 -1.000000 0.000000
vn 0.000000 -1.000000 0.000000
vn 0.000000 -1.000000 0.000000
vn 0.000000 0.000000 1.000000
vn 0.000000 0.000000 1.000000
vn 0.000000 0.000000 1.000000
vn 0.000000 0.000000 1.000000
vn 0.000000 -1.000000 0.000000
vn 0.000000 -1.000000 0.000000
vn 0.000000 -1.000000 0.000000
vn 0.000000 -1.000000 0.000000
vn 0.000000 -1.000000 0.000000
vn 0.000000 -1.000000 0.000000
vn 0.000000 -1.000000 0.000000
vn 0.000000 -1.000000 0.000000
vn 0.000000 -0.999018 -0.044303
vn 0.000000 -0.999018 -0.044303
vn 0.000000 -0.999018 -0.044303
vn 0.000000 -0.999018 -0.044303
vn -0.000000 0.999018 0.044301
vn -0.000000 0.999018 0.044301
vn -0.000000 0.999018 0.044301
vn -0.000000 0.999018 0.044301
vn -0.004258 -0.999964 -0.007368
vn -0.004258 -0.999964 -0.007368
vn -0.004258 -0.999964 -0.007368
vn -0.004258 -0.999964 -0.007368
vn 0.790378 0.256134 -0.556505
vn 0.790378 0.256134 -0.556505
vn 0.790378 0.256134 -0.556505
vn 0.790378 0.256134 -0.556505
vn 0.004259 0.999964 0.007370
vn 0.004259 0.999964 0.007370
vn 0.004259 0.999964 0.007370
vn 0.004259 0.999964 0.007370
vn -0.006217 -0.999950 0.007794
vn -0.006217 -0.999950 0.007794
vn -0.006217 -0.999950 0.007794
vn -0.006217 -0.999950 0.007794
vn 0.006216 0.999950 -0.007793
vn 0.006216 0.999950 -0.007793
vn 0.006216 0.999950 -0.007793
vn 0.006216 0.999950 -0.007793
vn -0.790377 0.256135 -0.556506
vn -0.790377 0.256135 -0.556506
vn -0.790377 0.256135 -0.556506
vn -0.790377 0.256135 -0.556506
vn -0.001747 -0.999608 -0.027942
vn -0.001747 -0.999608 -0.027942
vn -0.001747 -0.999608 -0.027942
vn -0.001747 -0.999608 -0.027942
vn 0.001747 0.999608 0.027940
vn 0.001747 0.999608 0.027940
vn 0.001747 0.999608 0.027940
vn 0.001747 0.999608 0.027940
vn 0.001747 -0.999608 -0.027942
vn 0.001747 -0.999608 -0.027942
vn 0.001747 -0.999608 -0.027942
vn 0.001747 -0.999608 -0.027942
vn -0.001747 0.999608 0.027939
vn -0.001747 0.999608 0.027939
vn -0.001747 0.999608 0.027939
vn -0.001747 0.999608 0.027939
vn -0.000001 -0.999018 -0.044303
vn -0.000001 -0.999018 -0.044303
vn -0.000001 -0.999018 -0.044303
vn -0.000001 -0.999018 -0.044303
vn -0.000001 0.999018 0.044303
vn -0.000001 0.999018 0.044303
vn -0.000001 0.999018 0.044303
vn -0.000001 0.999018 0.044303
vn 0.000000 -0.999018 -0.044300
vn 0.000000 -0.999018 -0.044300
vn 0.000000 -0.999018 -0.044300
vn 0.000000 -0.999018 -0.044300
vn 0.000000 0.999018 0.044300
vn 0.000000 0.999018 0.044300
vn 0.000000 0.999018 0.044300
vn 0.000000 0.999018 0.044300
vn 0.000000 -0.999018 -0.044303
vn 0.000000 -0.999018 -0.044303
vn 0.000000 -0.999018 -0.044303
vn 0.000000 -0.999018 -0.044303
vn 0.000000 0.999018 0.044301
vn 0.000000 0.999018 0.044301
vn 0.000000 0.999018 0.044301
vn 0.000000 0.999018 0.044301
vn 0.000000 -1.000000 0.000000
vn 0.000000 -1.000000 0.000000
vn 0.000000 -1.000000 0.000000
vn 0.000000 -1.000000 0.000000
vn 0.000000 -1.000000 0.000000
vn 0.000000 -1.000000 0.000000
vn 0.000000 -1.000000 0.000000
vn 0.000000 -1.000000 0.000000
vn 0.000000 -1.000000 0.000000
vn 0.000000 -1.000000 0.000000
vn 0.000000 -1.000000 0.000000
vn 0.000000 -1.000000 0.000000
vn 0.000000 -1.000000 0.000000
vn 0.000000 -1.000000 0.000000
vn 0.000000 -1.000000 0.000000
vn 0.000000 -1.000000 0.000000
vn 0.000000 -1.000000 0.000000
vn 0.000000 -1.000000 0.000000
vn 0.000000 -1.000000 0.000000
vn 0.000000 -1.000000 0.000000
vn -0.000000 -1.000000 0.000000
vn -0.000000 -1.000000 0.000000
vn -0.000000 -1.000000 0.000000
vn -0.000000 -1.000000 0.000000
vn 0.000000 -1.000000 0.000000
vn 0.000000 -1.000000 0.000000
vn 0.000000 -1.000000 0.000000
vn 0.000000 -1.000000 0.000000
vn 0.000000 -1.000000 0.000000
vn 0.000000 -1.000000 0.000000
vn 0.000000 -1.000000 0.000000
vn 0.000000 -1.000000 0.000000
vn 1.000000 0.000000 0.000000
vn 1.000000 0.000000 0.000000
vn 1.000000 0.000000 0.000000
vn 1.000000 0.000000 0.000000
vn 0.000000 1.000000 0.000000
vn 0.000000 1.000000 0.000000
vn 0.000000 1.000000 0.000000
vn 0.000000 1.000000 0.000000
vn 0.000000 1.000000 0.000000
vn 0.000000 1.000000 0.000000
vn 0.000000 1.000000 0.000000
vn 0.000000 1.000000 0.000000
vn 0.000000 1.000000 0.000000
vn 0.000000 1.000000 0.000000
vn 0.000000 1.000000 0.000000
vn 0.000000 1.000000 0.000000
vn 0.000000 1.000000 0.000000
vn 0.000000 1.000000 0.000000
vn 0.000000 1.000000 0.000000
vn 0.000000 1.000000 0.000000
vn 0.000000 1.000000 0.000000
vn 0.000000 1.000000 0.000000
vn 0.000000 1.000000 0.000000
vn 0.000000 1.000000 0.000000
vn 0.000000 1.000000 0.000000
vn 0.000000 1.000000 0.000000
vn 0.000000 1.000000 0.000000
vn 0.000000 1.000000 0.000000
vn 0.000000 1.000000 0.000000
vn 0.000000 1.000000 0.000000
vn 0.000000 1.000000 0.000000
vn 0.000000 1.000000 0.000000
vn -0.000000 1.000000 -0.000000
vn -0.000000 1.000000 -0.000000
vn -0.000000 1.000000 -0.000000
vn -0.000000 1.000000 -0.000000
vn -1.000000 0.000000 0.000000
vn -1.000000 0.000000 0.000000
vn -1.000000 0.000000 0.000000
vn -1.000000 0.000000 0.000000
vn 0.000000 -1.000000 0.000000
vn 0.000000 -1.000000 0.000000
vn 0.000000 -1.000000 0.000000
vn 0.000000 -1.000000 0.000000
vn 0.000000 -1.000000 0.000000
vn 0.000000 -1.000000 0.000000
vn 0.000000 -1.000000 0.000000
vn 0.000000 -1.000000 0.000000
vn 0.000000 0.000000 0.000000
vn 0.000000 0.000000 0.000000
vn 0.000000 0.000000 0.000000
vn 0.000000 0.000000 0.000000
vn 0.000000 0.000000 0.000000
vn 0.000000 0.000000 0.000000
vn 0.000000 0.000000 0.000000
vn 0.000000 0.000000 0.000000
vn 0.000000 0.000000 0.000000
vn 0.000000 0.000000 0.000000
vn 0.000000 0.000000 0.000000
vn 0.000000 0.000000 0.000000
vn 0.000000 0.000000 0.000000
vn 0.000000 0.000000 -1.000000
vn 0.000000 0.000000 -1.000000
vn 0.000000 0.000000 -1.000000
vn 0.000000 0.000000 -1.000000
vn 0.000000 0.000000 0.000000
vn 0.000000 0.000000 0.000000
vn 0.000000 0.000000 0.000000
vn 0.000000 0.000000 0.000000
vn 0.000000 0.000000 0.000000
vn 0.000000 0.000000 0.000000
vn 0.000000 0.000000 0.000000
vn 0.000000 0.000000 0.000000
vn 0.000000 0.000000 0.000000
vn 0.000000 0.000000 0.000000
vn 0.000000 0.000000 0.000000
vn 0.000000 0.000000 0.000000
vn 0.000000 0.000000 0.000000
vn 0.000000 0.000000 -1.000000
vn 0.000000 0.000000 -0.000000
vn 0.000000 0.000000 -0.000000
vn 0.000000 0.000000 -1.000000
vn 0.000000 0.000000 0.000000
vn 0.000000 0.000000 0.000000
vn 0.000000 0.000000 0.000000
vn 0.000000 0.000000 0.000000
vn 0.000000 0.000000 0.000000
vn 0.000000 0.000000 0.000000
vn 0.000000 0.000000 0.000000
vn 0.000000 0.000000 0.000000
vn 0.000000 0.000000 0.000000
vn 0.000000 0.000000 0.000000
vn 0.000000 0.000000 0.000000
vn 0.000000 0.000000 0.000000
vn 0.000000 0.000000 0.000000
vn 0.000000 0.000000 0.000000
vn 0.000000 0.000000 0.000000
vn 0.000000 0.000000 0.000000
vn 0.000000 0.000000 0.000000
vn 0.000000 0.000000 0.000000
vn 0.000000 0.000000 0.000000
vn 0.000000 0.000000 0.000000
vn 0.000000 0.000000 0.000000
vn 0.000000 0.000000 0.000000
vn 0.000000 0.000000 0.000000
vn 0.000000 0.000000 0.000000
vn 0.000000 0.000000 0.000000
vn 0.000000 0.000000 0.000000
vn 0.000000 0.000000 0.000000
vn 0.000000 0.000000 0.000000
vn 0.000000 0.000000 0.000000
vn 0.000000 0.000000 0.000000
vn 0.000000 0.000000 0.000000
vn 0.000000 0.000000 0.000000
vn 0.000000 0.000000 0.000000
vn 0.000000 0.000000 0.000000
vn 0.000000 0.000000 0.000000
vn 0.000000 0.000000 0.000000
vn 0.000000 0.000000 0.000000
vn 0.000000 0.000000 0.000000
vn 0.000000 0.000000 0.000000
vn 0.000000 0.000000 0.000000
vn 0.000000 0.000000 0.000000
vn 0.000000 0.000000 0.000000
vn 0.000000 0.000000 0.000000
vn 0.000000 0.000000 0.000000
vn 0.000000 0.000000 0.000000
vn 0.000000 0.000000 0.000000
vn 0.000000 0.000000 0.000000
vn 0.000000 0.000000 0.000000
vn 0.000000 0.000000 0.000000
vn 0.000000 0.000000 0.000000
vn 0.000000 0.000000 0.000000
vn 0.000000 0.000000 0.000000
vn 0.000000 0.000000 0.000000
vn 0.000000 0.000000 0.000000
vn 0.000000 0.000000 0.000000
vn 0.000000 0.000000 0.000000
vn 0.000000 0.000000 0.000000
vn 0.000000 0.000000 0.000000
vn 0.000000 0.000000 0.000000
vn 0.000000 0.000000 0.000000
vn 0.000000 0.000000 0.000000
vn 0.000000 0.000000 0.000000
vn 0.000000 0.000000 0.000000
vn 0.000000 0.000000 0.000000
vn 0.000000 0.000000 0.000000
vn 0.000000 0.000000 0.000000
vn 0.000000 0.000000 0.000000
vn 0.000000 0.000000 0.000000
vn 0.000000 0.000000 0.000000
vn 0.000000 0.000000 0.000000
vn 0.000000 0.000000 0.000000
vn 0.000000 0.000000 0.000000
vn 0.000000 0.000000 0.000000
vn 0.000000 0.000000 0.000000
vn 0.000000 0.000000 0.000000
vn 0.000000 0.000000 0.000000
vn 0.000000 0.000000 0.000000
vn 0.000000 0.000000 0.000000
vn 0.000000 0.000000 0.000000
vn 0.000000 0.000000 0.000000
vn 0.000000 0.000000 0.000000
vn 0.000000 0.000000 0.000000
vn 0.000000 0.000000 0.000000
vn 0.000000 0.000000 0.000000
vn 0.000000 0.000000 0.000000
vn 0.000000 0.000000 0.000000
vn 0.000000 0.000000 0.000000
vn 0.000000 0.000000 1.000000
vn 0.000000 0.000000 1.000000
vn 0.000000 0.000000 1.000000
vn 0.000000 0.000000 1.000000
vn 0.000000 0.000000 1.000000
vn 0.000000 0.000000 0.000000
vn 0.000000 0.000000 1.000000
vn 0.000000 0.000000 1.000000
vn 0.000000 0.000000 0.000000
vn 0.000000 0.000000 0.000000
vn 0.000000 0.000000 0.000000
vn 0.000000 0.000000 0.000000
vn 0.000000 0.000000 0.000000
vn 0.000000 0.000000 0.000000
vn 0.000000 0.000000 0.000000
vn 0.000000 0.000000 0.000000
vn 0.000000 0.000000 0.000000
vn 0.000000 0.000000 0.000000
vn 0.000000 0.000000 0.000000
vn 0.000000 0.000000 0.000000
vn 0.000000 0.000000 0.000000
vn 0.000000 0.000000 0.000000
vn 0.000000 0.000000 0.000000
vn 0.000000 0.000000 0.000000
vn 0.000000 0.000000 0.000000
vn 0.000000 0.000000 0.000000
vn 0.000000 0.000000 0.000000
vn 0.000000 0.000000 0.000000
vn 0.000000 0.000000 0.000000
vn 0.000000 0.000000 0.000000
vn 0.000000 0.000000 0.000000
vn 0.000000 0.000000 0.000000
vn 0.000000 0.000000 0.000000
vn 0.000000 0.000000 0.000000
vn 0.000000 0.000000 0.000000
vn 0.000000 0.000000 0.000000
vn 0.000000 0.000000 0.000000
vn 0.000000 0.000000 0.000000
vn 0.000000 0.000000 0.000000
vn 0.000000 0.000000 0.000000
vn 0.000000 0.000000 0.000000
vn 0.000000 0.000000 0.000000
vn 0.000000 0.000000 0.000000
vn 0.000000 0.000000 0.000000
vn 0.000000 0.000000 0.000000
vn 0.014767 0.157943 -0.987338
vn 0.014767 0.157943 -0.987338
vn 0.014767 0.157943 -0.987338
vn 0.014767 0.157943 -0.987338
vn 0.000000 -1.000000 0.000000
vn 0.000000 -1.000000 0.000000
vn 0.000000 -1.000000 0.000000
vn 0.000000 -1.000000 0.000000
vn 0.000000 -1.000000 0.000000
vn 0.000000 -1.000000 0.000000
vn 0.000000 -1.000000 0.000000
vn 0.000000 -1.000000 0.000000
vn 0.000000 -1.000000 0.000000
vn 0.000000 -1.000000 0.000000
vn 0.000000 -1.000000 0.000000
vn 0.000000 -1.000000 0.000000
vn 0.000000 1.000000 0.000000
vn 0.000000 1.000000 0.000000
vn 0.000000 1.000000 0.000000
vn 0.000000 1.000000 0.000000
vn 0.000000 -1.000000 0.000000
vn 0.000000 -1.000000 0.000000
vn 0.000000 -1.000000 0.000000
vn 0.000000 -1.000000 0.000000
vn 0.000000 1.000000 0.000000
vn 0.000000 1.000000 0.000000
vn 0.000000 1.000000 0.000000
vn 0.000000 1.000000 0.000000
vn 0.000000 -1.000000 0.000000
vn 0.000000 -1.000000 0.000000
vn 0.000000 -1.000000 0.000000
vn 0.000000 -1.000000 0.000000
vn -0.784384 0.238628 -0.572537
vn -0.784384 0.238628 -0.572537
vn -0.784384 0.238628 -0.572537
vn -0.784384 0.238628 -0.572537
vn 0.000000 -1.000000 0.000000
vn 0.000000 -1.000000 0.000000
vn 0.000000 -1.000000 0.000000
vn 0.000000 -1.000000 0.000000
vn 0.784383 0.238628 -0.572538
vn 0.784383 0.238628 -0.572538
vn 0.784383 0.238628 -0.572538
vn 0.784383 0.238628 -0.572538
vn 0.000000 -1.000000 0.000000
vn 0.000000 -1.000000 0.000000
vn 0.000000 -1.000000 0.000000
vn 0.000000 -1.000000 0.000000
vn -0.014767 0.157943 -0.987338
vn -0.014767 0.157943 -0.987338
vn -0.014767 0.157943 -0.987338
vn -0.014767 0.157943 -0.987338
vn 0.000000 -1.000000 -0.000000
vn 0.000000 -1.000000 -0.000000
vn 0.000000 -1.000000 -0.000000
vn 0.000000 -1.000000 -0.000000
vn -1.000000 0.000000 0.000000
vn -1.000000 0.000000 0.000000
vn -1.000000 0.000000 0.000000
vn -1.000000 0.000000 0.000000
vn 1.000000 0.000000 0.000000
vn 1.000000 0.000000 0.000000
vn 1.000000 0.000000 0.000000
vn 1.000000 0.000000 0.000000
vn 0.000000 -1.000000 -0.000000
vn 0.000000 -1.000000 -0.000000
vn 0.000000 -1.000000 -0.000000
vn 0.000000 -1.000000 -0.000000
vn 0.000000 -1.000000 0.000000
vn 0.000000 -1.000000 0.000000
vn 0.000000 -1.000000 0.000000
vn 0.000000 -1.000000 0.000000
vn 0.000000 -1.000000 -0.000000
vn 0.000000 -1.000000 -0.000000
vn 0.000000 -1.000000 -0.000000
vn 0.000000 -1.000000 -0.000000
vn 0.000000 -1.000000 -0.000000
vn 0.000000 -1.000000 -0.000000
vn 0.000000 -1.000000 -0.000000
vn 0.000000 -1.000000 -0.000000
vn 0.000000 1.000000 0.000000
vn 0.000000 1.000000 0.000000
vn 0.000000 1.000000 0.000000
vn 0.000000 1.000000 0.000000
vn 0.000000 1.000000 0.000000
vn 0.000000 1.000000 0.000000
vn 0.000000 1.000000 0.000000
vn 0.000000 1.000000 0.000000
vn 0.000000 1.000000 0.000000
vn 0.000000 1.000000 0.000000
vn 0.000000 1.000000 0.000000
vn 0.000000 1.000000 0.000000
vn 0.000000 1.000000 0.000000
vn 0.000000 1.000000 0.000000
vn 0.000000 1.000000 0.000000
vn 0.000000 1.000000 0.000000
vn 0.000000 1.000000 -0.000000
vn 0.000000 1.000000 -0.000000
vn 0.000000 1.000000 -0.000000
vn 0.000000 1.000000 -0.000000
vn 0.000000 1.000000 0.000000
vn 0.000000 1.000000 0.000000
vn 0.000000 1.000000 0.000000
vn 0.000000 1.000000 0.000000
vn 0.000000 1.000000 0.000000
vn 0.000000 1.000000 0.000000
vn 0.000000 1.000000 0.000000
vn 0.000000 1.000000 0.000000
vn 0.000000 1.000000 0.000000
vn 0.000000 1.000000 0.000000
vn 0.000000 1.000000 0.000000
vn 0.000000 1.000000 0.000000
vn 0.000000 -1.000000 0.000000
vn 0.000000 -1.000000 0.000000
vn 0.000000 -1.000000 0.000000
vn 0.000000 -1.000000 0.000000
vn 0.000000 -1.000000 0.000000
vn 0.000000 -1.000000 0.000000
vn 0.000000 -1.000000 0.000000
vn 0.000000 -1.000000 0.000000
vn 0.000000 -1.000000 0.000000
vn 0.000000 -1.000000 0.000000
vn 0.000000 -1.000000 0.000000
vn 0.000000 -1.000000 0.000000
vn 0.000000 -1.000000 0.000000
vn 0.000000 -1.000000 0.000000
vn 0.000000 -1.000000 0.000000
vn 0.000000 -1.000000 0.000000
vn -0.000146 1.000000 0.000224
vn -0.000146 1.000000 0.000224
vn -0.000146 1.000000 0.000224
vn -0.000146 1.000000 0.000224
vn 0.000000 1.000000 0.000000
vn 0.000000 1.000000 0.000000
vn 0.000000 1.000000 0.000000
vn 0.000000 1.000000 0.000000
vn 0.000000 1.000000 0.000000
vn 0.000000 1.000000 0.000000
vn 0.000000 1.000000 0.000000
vn 0.000000 1.000000 0.000000
vn 0.000000 -1.000000 0.000000
vn 0.000000 -1.000000 0.000000
vn 0.000000 -1.000000 0.000000
vn 0.000000 -1.000000 0.000000
vn 0.000000 0.000000 -1.000000
vn 0.000000 0.000000 -1.000000
vn 0.000000 0.000000 -1.000000
vn 0.000000 0.000000 -1.000000
vn -0.000000 -1.000000 -0.000000
vn -0.000000 -1.000000 -0.000000
vn -0.000000 -1.000000 -0.000000
vn -0.000000 -1.000000 -0.000000
vn 0.000000 0.000000 -1.000000
vn 0.000000 0.000000 -1.000000
vn 0.000000 0.000000 -1.000000
vn 0.000000 0.000000 -1.000000
vn 0.000000 1.000000 0.000000
vn 0.000000 1.000000 0.000000
vn 0.000000 1.000000 0.000000
vn 0.000000 1.000000 0.000000
vn 0.000000 1.000000 0.000000
vn 0.000000 1.000000 0.000000
vn 0.000000 1.000000 0.000000
vn 0.000000 1.000000 0.000000
vn 0.000000 1.000000 0.000000
vn 0.000000 1.000000 0.000000
vn 0.000000 1.000000 0.000000
vn 0.000000 1.000000 0.000000
vn 1.000000 0.000000 0.000000
vn 1.000000 0.000000 0.000000
vn 1.000000 0.000000 0.000000
vn 1.000000 0.000000 0.000000
vn 0.000000 -1.000000 0.000000
vn 0.000000 -1.000000 0.000000
vn 0.000000 -1.000000 0.000000
vn 0.000000 -1.000000 0.000000
vn 0.000000 1.000000 0.000000
vn 0.000000 1.000000 0.000000
vn 0.000000 1.000000 0.000000
vn 0.000000 1.000000 0.000000
vn -1.000000 0.000000 0.000000
vn -1.000000 0.000000 0.000000
vn -1.000000 0.000000 0.000000
vn -1.000000 0.000000 0.000000
vn 0.000000 -1.000000 0.000000
vn 0.000000 -1.000000 0.000000
vn 0.000000 -1.000000 0.000000
vn 0.000000 -1.000000 0.000000
vn 0.000000 0.000000 -1.000000
vn 0.000000 0.000000 -1.000000
vn 0.000000 0.000000 -1.000000
vn 0.000000 0.000000 -1.000000
vn 0.000000 0.000000 -1.000000
vn 0.000000 0.000000 -1.000000
vn 0.000000 0.000000 -1.000000
vn 0.000000 0.000000 -1.000000
vn 0.000000 0.000000 -1.000000
vn 0.000000 0.000000 -1.000000
vn 0.000000 0.000000 -1.000000
vn 0.000000 0.000000 -1.000000
vn 0.000000 0.000000 -1.000000
vn 0.000000 0.000000 -1.000000
vn 0.000000 0.000000 -1.000000
vn 0.000000 0.000000 -1.000000
vn 0.000000 0.000000 -1.000000
vn 0.000000 0.000000 -1.000000
vn 0.000000 0.000000 -1.000000
vn 0.000000 0.000000 -1.000000
vn 0.000000 0.000000 -1.000000
vn 0.000000 0.000000 -1.000000
vn 0.000000 0.000000 -1.000000
vn 0.000000 0.000000 -1.000000
vn -0.000000 0.000000 1.000000
vn -0.000000 0.000000 1.000000
vn -0.000000 0.000000 1.000000
vn -0.000000 0.000000 1.000000
vn 0.000000 0.000000 1.000000
vn 0.000000 0.000000 1.000000
vn 0.000000 0.000000 1.000000
vn 0.000000 0.000000 1.000000
vn 0.000000 0.000000 1.000000
vn 0.000000 0.000000 1.000000
vn 0.000000 0.000000 1.000000
vn 0.000000 0.000000 1.000000
vn 0.000000 0.000000 1.000000
vn 0.000000 0.000000 1.000000
vn 0.000000 0.000000 1.000000
vn 0.000000 0.000000 1.000000
vn 0.000000 0.000000 1.000000
vn 0.000000 0.000000 1.000000
vn 0.000000 0.000000 1.000000
vn 0.000000 0.000000 1.000000
vn 0.000000 0.000000 1.000000
vn 0.000000 0.000000 1.000000
vn 0.000000 0.000000 1.000000
vn 0.000000 0.000000 1.000000
vn 0.000000 0.000000 1.000000
vn 0.000000 0.000000 1.000000
vn 0.000000 0.000000 1.000000
vn 0.000000 0.000000 1.000000
vn 0.000000 0.000000 1.000000
vn 0.000000 0.000000 1.000000
vn 0.000000 0.000000 1.000000
vn 0.000000 0.000000 1.000000
vn 0.000000 0.000000 -1.000000
vn 0.000000 0.000000 -1.000000
vn 0.000000 0.000000 -1.000000
vn 0.000000 0.000000 -1.000000
vn 0.000000 0.000000 -1.000000
vn 0.000000 0.000000 -1.000000
vn 0.000000 0.000000 -1.000000
vn 0.000000 0.000000 -1.000000
vn -1.000000 0.000000 0.000000
vn -1.000000 0.000000 0.000000
vn -1.000000 0.000000 0.000000
vn -1.000000 0.000000 0.000000
vn 0.000003 0.000000 1.000000
vn 0.000003 0.000000 1.000000
vn 0.000003 0.000000 1.000000
vn 0.000003 0.000000 1.000000
vn 1.000000 0.000000 0.000000
vn 1.000000 0.000000 0.000000
vn 1.000000 0.000000 0.000000
vn 1.000000 0.000000 0.000000
vn 0.000000 0.000000 -1.000000
vn 0.000000 0.000000 -1.000000
vn 0.000000 0.000000 -1.000000
vn 0.000000 0.000000 -1.000000
vn 0.000000 0.000000 1.000000
vn 0.000000 0.000000 1.000000
vn 0.000000 0.000000 1.000000
vn 0.000000 0.000000 1.000000
vn 1.000000 0.000000 0.000000
vn 1.000000 0.000000 0.000000
vn 1.000000 0.000000 0.000000
vn 1.000000 0.000000 0.000000
vn -1.000000 0.000000 0.000000
vn -1.000000 0.000000 0.000000
vn -1.000000 0.000000 0.000000
vn -1.000000 0.000000 0.000000
vn 0.000000 0.000000 -1.000000
vn 0.000000 0.000000 -1.000000
vn 0.000000 0.000000 -1.000000
vn 0.000000 0.000000 -1.000000
vn 0.000000 0.000000 1.000000
vn 0.000000 0.000000 1.000000
vn 0.000000 0.000000 1.000000
vn 0.000000 0.000000 1.000000
vn 0.000000 0.000000 -1.000000
vn 0.000000 0.000000 -1.000000
vn 0.000000 0.000000 -1.000000
vn 0.000000 0.000000 -1.000000
vn 0.000000 0.000000 1.000000
vn 0.000000 0.000000 1.000000
vn 0.000000 0.000000 1.000000
vn 0.000000 0.000000 1.000000
vn 0.000000 0.000000 -1.000000
vn 0.000000 0.000000 -1.000000
vn 0.000000 0.000000 -1.000000
vn 0.000000 0.000000 -1.000000
vn 0.000000 0.000000 1.000000
vn 0.000000 0.000000 1.000000
vn 0.000000 0.000000 1.000000
vn 0.000000 0.000000 1.000000
vn 0.000000 0.000000 -1.000000
vn 0.000000 0.000000 -1.000000
vn 0.000000 0.000000 -1.000000
vn 0.000000 0.000000 -1.000000
vn 0.782967 0.237915 0.574769
vn 0.782967 0.237915 0.574769
vn 0.782967 0.237915 0.574769
vn 0.782967 0.237915 0.574769
vn 0.000000 0.000000 -1.000000
vn 0.000000 0.000000 -1.000000
vn 0.000000 0.000000 -1.000000
vn 0.000000 0.000000 -1.000000
vn -0.782965 0.237914 0.574771
vn -0.782965 0.237914 0.574771
vn -0.782965 0.237914 0.574771
vn -0.782966 0.237914 0.574771
vn 0.000000 0.000000 -1.000000
vn 0.000000 0.000000 -1.000000
vn 0.000000 0.000000 -1.000000
vn 0.000000 0.000000 -1.000000
vn 0.000000 0.000000 1.000000
vn 0.000000 0.000000 1.000000
vn 0.000000 0.000000 1.000000
vn 0.000000 0.000000 1.000000
vn 0.000000 0.000000 -1.000000
vn 0.000000 0.000000 -1.000000
vn 0.000000 0.000000 -1.000000
vn 0.000000 0.000000 -1.000000
vn 0.965513 0.000000 0.260356
vn 0.965513 0.000000 0.260356
vn 0.965513 0.000000 0.260356
vn 0.965513 0.000000 0.260356
vn 0.000000 0.000000 -1.000000
vn 0.000000 0.000000 -1.000000
vn 0.000000 0.000000 -1.000000
vn 0.000000 0.000000 -1.000000
vn 0.032506 0.000000 0.999472
vn 0.032506 0.000000 0.999472
vn 0.032506 0.000000 0.999472
vn 0.032506 0.000000 0.999472
vn 0.000000 0.000000 -1.000000
vn 0.000000 0.000000 -1.000000
vn 0.000000 0.000000 -1.000000
vn 0.000000 0.000000 -1.000000
vn -1.000000 0.000000 0.000000
vn -1.000000 0.000000 0.000000
vn -1.000000 0.000000 0.000000
vn -1.000000 0.000000 0.000000
vn 0.000000 0.000000 1.000000
vn 0.000000 0.000000 1.000000
vn 0.000000 0.000000 1.000000
vn 0.000000 0.000000 1.000000
vn 1.000000 0.000000 0.000000
vn 1.000000 0.000000 0.000000
vn 1.000000 0.000000 0.000000
vn 1.000000 0.000000 0.000000
vn 0.000000 0.000000 -1.000000
vn 0.000000 0.000000 -1.000000
vn 0.000000 0.000000 -1.000000
vn 0.000000 0.000000 -1.000000
vn 0.000000 0.000000 1.000000
vn 0.000000 0.000000 1.000000
vn 0.000000 0.000000 1.000000
vn 0.000000 0.000000 1.000000
vn 1.000000 0.000000 0.000000
vn 1.000000 0.000000 0.000000
vn 1.000000 0.000000 0.000000
vn 1.000000 0.000000 0.000000
vn -1.000000 0.000000 0.000000
vn -1.000000 0.000000 0.000000
vn -1.000000 0.000000 0.000000
vn -1.000000 0.000000 0.000000
vn 0.000000 0.000000 -1.000000
vn 0.000000 0.000000 -1.000000
vn 0.000000 0.000000 -1.000000
vn 0.000000 0.000000 -1.000000
vn 0.000000 0.000000 1.000000
vn 0.000000 0.000000 1.000000
vn 0.000000 0.000000 1.000000
vn 0.000000 0.000000 1.000000
vn 0.000001 0.000000 1.000000
vn 0.000000 0.000000 1.000000
vn -0.000002 0.000000 1.000000
vn -0.000003 0.000000 1.000000
vn 0.000000 0.000000 1.000000
vn 0.000000 0.000000 1.000000
vn 0.000000 0.000000 1.000000
vn 0.000000 0.000000 1.000000
vn 0.000000 0.000000 1.000000
vn 0.000000 0.000000 1.000000
vn 0.000000 0.000000 1.000000
vn 0.000000 0.000000 1.000000
vn 0.000000 0.000000 1.000000
vn 0.000000 0.000000 1.000000
vn 0.000000 0.000000 1.000000
vn 0.000000 0.000000 1.000000
vn 1.000000 0.000000 0.000000
vn 1.000000 0.000000 0.000000
vn 1.000000 0.000000 0.000000
vn 1.000000 0.000000 0.000000
vn 1.000000 0.000000 0.000000
vn 1.000000 0.000000 0.000000
vn 1.000000 0.000000 0.000000
vn 1.000000 0.000000 0.000000
vn 0.000000 0.000000 -1.000000
vn 0.000000 0.000000 -1.000000
vn 0.000000 0.000000 -1.000000
vn 0.000000 0.000000 -1.000000
vn 0.000000 0.000000 -1.000000
vn 0.000000 0.000000 -1.000000
vn 0.000000 0.000000 -1.000000
vn 0.000000 0.000000 -1.000000
vn 0.000000 0.000000 -1.000000
vn 0.000000 0.000000 -1.000000
vn 0.000000 0.000000 -1.000000
vn 0.000000 0.000000 -1.000000
vn 0.000000 0.000000 -1.000000
vn 0.000000 0.000000 -1.000000
vn 0.000000 0.000000 -1.000000
vn 0.000000 0.000000 -1.000000
vn 0.000000 0.000000 -1.000000
vn 0.000000 0.000000 -1.000000
vn 0.000000 0.000000 -1.000000
vn 0.000000 0.000000 -1.000000
vn 0.000000 0.000000 -1.000000
vn 0.000000 0.000000 -1.000000
vn 0.000000 0.000000 -1.000000
vn 0.000000 0.000000 -1.000000
vn 0.000000 0.000000 -1.000000
vn 0.000000 0.000000 -1.000000
vn 0.000000 0.000000 -1.000000
vn 0.000000 0.000000 -1.000000
vn 0.000000 0.000000 -1.000000
vn 0.000000 0.000000 -1.000000
vn 0.000000 0.000000 -1.000000
vn 0.000000 0.000000 -1.000000
vn 0.000000 0.000000 -1.000000
vn 0.000000 0.000000 -1.000000
vn 0.000000 0.000000 -1.000000
vn 0.000000 0.000000 -1.000000
vn 0.000000 0.000000 -1.000000
vn 0.000000 0.000000 -1.000000
vn 0.000000 0.000000 -1.000000
vn 0.000000 0.000000 -1.000000
vn -1.000000 0.000000 0.000000
vn -1.000000 0.000000 0.000000
vn -1.000000 0.000000 0.000000
vn -1.000000 0.000000 0.000000
vn -1.000000 0.000000 0.000000
vn -1.000000 0.000000 0.000000
vn -1.000000 0.000000 0.000000
vn -1.000000 0.000000 0.000000
vn 0.000000 0.000000 1.000000
vn 0.000000 0.000000 1.000000
vn 0.000000 0.000000 1.000000
vn 0.000000 0.000000 1.000000
vn 0.038102 0.000000 0.999274
vn 0.038102 0.000000 0.999274
vn 0.038102 0.000000 0.999274
vn 0.038102 0.000000 0.999274
vn 0.000000 0.000000 1.000000
vn 0.000000 0.000000 1.000000
vn 0.000000 0.000000 1.000000
vn 0.000000 0.000000 1.000000
vn 0.000003 0.000000 1.000000
vn 0.000003 0.000000 1.000000
vn 0.000003 0.000000 1.000000
vn 0.000003 0.000000 1.000000
vn 0.000000 0.000000 1.000000
vn 0.000000 0.000000 1.000000
vn 0.000000 0.000000 1.000000
vn 0.000000 0.000000 1.000000
vn -0.169084 -0.985602 -0.000255
vn -0.169084 -0.985602 -0.000255
vn -0.169084 -0.985602 -0.000255
vn -0.169084 -0.985602 -0.000255
vn 0.183808 0.982962 0.000256
vn 0.183808 0.982962 0.000256
vn 0.183808 0.982962 0.000256
vn 0.183808 0.982962 0.000256
vn 0.000000 -1.000000 -0.000197
vn 0.000000 -1.000000 -0.000197
vn 0.000000 -1.000000 -0.000197
vn 0.000000 -1.000000 -0.000197
vn 0.000000 1.000000 0.000197
vn 0.000000 1.000000 0.000197
vn 0.000000 1.000000 0.000197
vn 0.000000 1.000000 0.000197
vn 0.000000 -1.000000 -0.000197
vn 0.000000 -1.000000 -0.000197
vn 0.000000 -1.000000 -0.000197
vn 0.000000 -1.000000 -0.000197
vn 0.000000 1.000000 0.000197
vn 0.000000 1.000000 0.000197
vn 0.000000 1.000000 0.000197
vn 0.000000 1.000000 0.000197
vn 0.987802 -0.155713 -0.000035
vn 0.987802 -0.155713 -0.000035
vn 0.987802 -0.155713 -0.000035
vn 0.987802 -0.155713 -0.000035
vn -0.988627 0.150391 0.000034
vn -0.988627 0.150391 0.000034
vn -0.988627 0.150391 0.000034
vn -0.988627 0.150391 0.000034
vn -0.987802 -0.155713 -0.000035
vn -0.987802 -0.155713 -0.000035
vn -0.987802 -0.155713 -0.000035
vn -0.987802 -0.155713 -0.000035
vn 0.988627 0.150392 0.000034
vn 0.988627 0.150392 0.000034
vn 0.988626 0.150392 0.000034
vn 0.988627 0.150392 0.000034
vn 0.169084 -0.985602 -0.000255
vn 0.169084 -0.985602 -0.000255
vn 0.169084 -0.985602 -0.000255
vn 0.169084 -0.985602 -0.000255
vn -0.183808 0.982962 0.000256
vn -0.183808 0.982962 0.000256
vn -0.183808 0.982962 0.000256
vn -0.183808 0.982962 0.000256
vn -0.000335 -1.000000 -0.000219
vn -0.000335 -1.000000 -0.000219
vn -0.000335 -1.000000 -0.000219
vn -0.000335 -1.000000 -0.000219
vn 0.000335 1.000000 0.000218
vn 0.000335 1.000000 0.000218
vn 0.000335 1.000000 0.000218
vn 0.000335 1.000000 0.000218
vn -0.000073 -1.000000 -0.000119
vn -0.000073 -1.000000 -0.000119
vn -0.000073 -1.000000 -0.000119
vn -0.000073 -1.000000 -0.000119
vn 0.000073 1.000000 0.000120
vn 0.000073 1.000000 0.000120
vn 0.000073 1.000000 0.000120
vn 0.000073 1.000000 0.000120
vn 0.000000 -1.000000 0.000000
vn 0.000000 -1.000000 0.000000
vn 0.000000 -1.000000 0.000000
vn 0.000000 -1.000000 0.000000
vn 0.000000 -1.000000 0.000000
vn 0.000000 -1.000000 0.000000
vn 0.000000 -1.000000 0.000000
vn 0.000000 -1.000000 0.000000
vn 0.000000 -1.000000 0.000000
vn 0.000000 -1.000000 0.000000
vn 0.000000 -1.000000 0.000000
vn 0.000000 -1.000000 0.000000
vn 0.000000 -1.000000 0.000000
vn 0.000000 -1.000000 0.000000
vn 0.000000 -1.000000 0.000000
vn 0.000000 -1.000000 0.000000
vn 0.000000 -1.000000 0.000000
vn 0.000000 -1.000000 0.000000
vn 0.000000 -1.000000 0.000000
vn 0.000000 -1.000000 0.000000
vn 0.000000 -1.000000 0.000000
vn 0.000000 -1.000000 0.000000
vn 0.000000 -1.000000 0.000000
vn 0.000000 -1.000000 0.000000
vn 0.000000 -1.000000 0.000000
vn 0.000000 -1.000000 0.000000
vn 0.000000 -1.000000 0.000000
vn 0.000000 -1.000000 0.000000
vn 0.000000 -1.000000 0.000000
vn 0.000000 -1.000000 0.000000
vn 0.000000 -1.000000 0.000000
vn 0.000000 -1.000000 0.000000
vn -0.564803 0.000000 0.825226
vn -0.564803 0.000000 0.825226
vn -0.564803 0.000000 0.825226
vn -0.564803 0.000000 0.825226
vn 0.000000 1.000000 0.000000
vn 0.000000 1.000000 0.000000
vn 0.000000 1.000000 0.000000
vn 0.000000 1.000000 0.000000
vn -0.533266 -0.353688 0.768461
vn -0.533266 -0.353688 0.768461
vn -0.533266 -0.353688 0.768461
vn -0.533266 -0.353688 0.768461
vn 0.004259 -0.999964 -0.007368
vn 0.004259 -0.999964 -0.007368
vn 0.004259 -0.999964 -0.007368
vn 0.004259 -0.999964 -0.007368
vn -0.530432 -0.354435 0.770076
vn -0.530432 -0.354435 0.770076
vn -0.530432 -0.354435 0.770076
vn -0.530432 -0.354435 0.770076
vn -0.004259 0.999964 0.007369
vn -0.004259 0.999964 0.007369
vn -0.004259 0.999964 0.007369
vn -0.004259 0.999964 0.007369
vn -0.495418 -0.494860 0.713915
vn -0.495418 -0.494860 0.713915
vn -0.495418 -0.494860 0.713915
vn -0.495418 -0.494860 0.713915
vn -0.370700 0.759749 0.534194
vn -0.496459 0.491635 0.715418
vn -0.531838 0.360249 0.766400
vn -0.370700 0.759749 0.534194
vn 0.000000 1.000000 0.000000
vn 0.000000 1.000000 0.000000
vn 0.000000 1.000000 0.000000
vn 0.000000 1.000000 0.000000
vn 0.000000 1.000000 -0.000000
vn 0.000000 1.000000 -0.000000
vn 0.000000 1.000000 -0.000000
vn 0.000000 1.000000 -0.000000
vn 0.386712 0.758437 -0.524621
vn 0.481464 0.584440 -0.653164
vn 0.232760 0.919844 -0.315767
vn 0.232760 0.919844 -0.315767
vn -0.014894 -0.999671 0.020894
vn -0.014894 -0.999671 0.020894
vn -0.014894 -0.999671 0.020894
vn -0.014894 -0.999671 0.020894
vn 0.531306 0.354203 -0.769580
vn 0.531306 0.354203 -0.769580
vn 0.531306 0.354203 -0.769580
vn 0.531306 0.354203 -0.769580
vn -0.002542 0.999995 0.001748
vn -0.002542 0.999995 0.001748
vn -0.002542 0.999995 0.001748
vn -0.002542 0.999995 0.001748
vn 0.550739 0.348968 -0.758227
vn 0.550739 0.348968 -0.758226
vn 0.550739 0.348968 -0.758227
vn 0.550739 0.348968 -0.758226
vn 0.003247 -0.999991 -0.002744
vn 0.003247 -0.999991 -0.002744
vn 0.003247 -0.999991 -0.002744
vn 0.003247 -0.999991 -0.002744
vn 0.531307 0.354203 -0.769580
vn 0.531307 0.354203 -0.769580
vn 0.531307 0.354203 -0.769580
vn 0.531307 0.354203 -0.769580
vn 0.000000 1.000000 0.000000
vn 0.000000 1.000000 0.000000
vn 0.000000 1.000000 0.000000
vn 0.000000 1.000000 0.000000
vn 0.000000 1.000000 0.000000
vn 0.000000 1.000000 0.000000
vn 0.000000 1.000000 0.000000
vn 0.000000 1.000000 0.000000
vn 0.000000 1.000000 0.000000
vn 0.000000 1.000000 0.000000
vn 0.000000 1.000000 0.000000
vn 0.000000 1.000000 0.000000
vn 0.000000 1.000000 0.000000
vn 0.000000 1.000000 0.000000
vn 0.000000 1.000000 0.000000
vn 0.000000 1.000000 0.000000
vn 0.000000 1.000000 0.000000
vn 0.000000 1.000000 0.000000
vn 0.000000 1.000000 0.000000
vn 0.000000 1.000000 0.000000
vn 0.000000 1.000000 0.000000
vn 0.000000 1.000000 0.000000
vn 0.000000 1.000000 0.000000
vn 0.000000 1.000000 0.000000
vn 0.000000 0.000000 1.000000
vn 0.000000 0.000000 1.000000
vn 0.000000 0.000000 1.000000
vn 0.000000 0.000000 1.000000
vn 0.000331 -1.000000 -0.000218
vn 0.000331 -1.000000 -0.000218
vn 0.000331 -1.000000 -0.000218
vn 0.000331 -1.000000 -0.000218
vn -0.965513 0.000000 0.260354
vn -0.965513 0.000000 0.260354
vn -0.965513 0.000000 0.260355
vn -0.965513 0.000000 0.260355
vn -0.000335 1.000000 0.000218
vn -0.000335 1.000000 0.000218
vn -0.000335 1.000000 0.000218
vn -0.000335 1.000000 0.000218
vn 0.000000 1.000000 0.000000
vn 0.000000 1.000000 0.000000
vn 0.000000 1.000000 0.000000
vn 0.000000 1.000000 0.000000
vn 0.000000 0.000000 -1.000000
vn 0.000000 0.000000 -1.000000
vn 0.000000 0.000000 -1.000000
vn 0.000000 0.000000 -1.000000
vn 0.000000 0.000000 -1.000000
vn 0.000000 0.000000 -1.000000
vn 0.000000 0.000000 -1.000000
vn 0.000000 0.000000 -1.000000
vn 0.000000 0.000000 -1.000000
vn 0.000000 0.000000 -1.000000
vn 0.000000 0.000000 -1.000000
vn 0.000000 0.000000 -1.000000
vn 0.000000 0.000000 -1.000000
vn 0.000000 0.000000 -1.000000
vn 0.000000 0.000000 -1.000000
vn 0.000000 0.000000 -1.000000
vn 0.000000 -1.000000 0.000000
vn 0.000000 -1.000000 0.000000
vn 0.000000 -1.000000 0.000000
vn 0.000000 -1.000000 0.000000
vn 0.000000 -1.000000 -0.000000
vn 0.000000 -1.000000 -0.000000
vn 0.000000 -1.000000 -0.000000
vn 0.000000 -1.000000 -0.000000
vn 0.000000 -1.000000 0.000000
vn 0.000000 -1.000000 0.000000
vn 0.000000 -1.000000 0.000000
vn 0.000000 -1.000000 0.000000
vn 0.000000 -1.000000 0.000000
vn 0.000000 -1.000000 0.000000
vn 0.000000 -1.000000 0.000000
vn 0.000000 -1.000000 0.000000
vn 0.000000 -1.000000 0.000000
vn 0.000000 -1.000000 0.000000
vn 0.000000 -1.000000 0.000000
vn 0.000000 -1.000000 0.000000
vn 0.000000 -1.000000 0.000000
vn 0.000000 -1.000000 0.000000
vn 0.000000 -1.000000 0.000000
vn 0.000000 -1.000000 0.000000
vn 0.000000 -1.000000 0.000000
vn 0.000000 -1.000000 0.000000
vn 0.000000 -1.000000 0.000000
vn 0.000000 -1.000000 0.000000
vn 0.000000 -1.000000 0.000000
vn 0.000000 -1.000000 0.000000
vn 0.000000 -1.000000 0.000000
vn 0.000000 -1.000000 0.000000
vn 0.564802 0.000000 0.825227
vn 0.564802 0.000000 0.825227
vn 0.564802 0.000000 0.825227
vn 0.564802 0.000000 0.825227
vn 0.000000 1.000000 0.000000
vn 0.000000 1.000000 0.000000
vn 0.000000 1.000000 0.000000
vn 0.000000 1.000000 0.000000
vn 0.533265 -0.353688 0.768461
vn 0.533265 -0.353688 0.768461
vn 0.533265 -0.353688 0.768461
vn 0.533265 -0.353688 0.768461
vn 0.006217 -0.999950 0.007796
vn 0.006217 -0.999950 0.007796
vn 0.006217 -0.999950 0.007796
vn 0.006217 -0.999950 0.007796
vn 0.530429 -0.354435 0.770079
vn 0.530429 -0.354435 0.770079
vn 0.530429 -0.354435 0.770079
vn 0.530429 -0.354435 0.770079
vn -0.006216 0.999950 -0.007793
vn -0.006216 0.999950 -0.007793
vn -0.006216 0.999950 -0.007793
vn -0.006216 0.999950 -0.007793
vn 0.495415 -0.494860 0.713917
vn 0.495415 -0.494860 0.713917
vn 0.495415 -0.494860 0.713917
vn 0.495415 -0.494860 0.713917
vn 0.370698 0.759750 0.534194
vn 0.531836 0.360249 0.766401
vn 0.496458 0.491635 0.715420
vn 0.370698 0.759750 0.534194
vn 0.000000 1.000000 0.000000
vn 0.000000 1.000000 0.000000
vn 0.000000 1.000000 0.000000
vn 0.000000 1.000000 0.000000
vn 0.000000 1.000000 0.000000
vn 0.000000 1.000000 0.000000
vn 0.000000 1.000000 0.000000
vn 0.000000 1.000000 0.000000
vn -0.481461 0.584441 -0.653165
vn -0.386710 0.758437 -0.524622
vn -0.232759 0.919845 -0.315768
vn -0.232759 0.919845 -0.315768
vn -0.073940 -0.996685 -0.033949
vn -0.073940 -0.996685 -0.033949
vn -0.073940 -0.996685 -0.033949
vn -0.073940 -0.996685 -0.033949
vn -0.502270 0.418575 -0.756650
vn -0.502270 0.418575 -0.756650
vn -0.502270 0.418575 -0.756650
vn -0.502270 0.418575 -0.756650
vn 0.000904 0.999999 -0.000564
vn 0.000904 0.999999 -0.000564
vn 0.000904 0.999999 -0.000564
vn 0.000904 0.999999 -0.000564
vn -0.550734 0.348971 -0.758229
vn -0.550734 0.348971 -0.758229
vn -0.550734 0.348971 -0.758229
vn -0.550734 0.348971 -0.758229
vn -0.000687 -0.999999 0.000870
vn -0.000687 -0.999999 0.000870
vn -0.000687 -0.999999 0.000870
vn -0.000687 -0.999999 0.000870
vn -0.531304 0.354204 -0.769582
vn -0.531304 0.354204 -0.769582
vn -0.531304 0.354204 -0.769582
vn -0.531304 0.354204 -0.769582
vn 0.000000 1.000000 0.000000
vn 0.000000 1.000000 0.000000
vn 0.000000 1.000000 0.000000
vn 0.000000 1.000000 0.000000
vn 0.000000 1.000000 0.000000
vn 0.000000 1.000000 0.000000
vn 0.000000 1.000000 0.000000
vn 0.000000 1.000000 0.000000
vn 0.000000 1.000000 0.000000
vn 0.000000 1.000000 0.000000
vn 0.000000 1.000000 0.000000
vn 0.000000 1.000000 0.000000
vn 0.000000 1.000000 0.000000
vn 0.000000 1.000000 0.000000
vn 0.000000 1.000000 0.000000
vn 0.000000 1.000000 0.000000
vn 0.000000 1.000000 0.000000
vn 0.000000 1.000000 0.000000
vn 0.000000 1.000000 0.000000
vn 0.000000 1.000000 0.000000
vn 0.000000 1.000000 0.000000
vn 0.000000 1.000000 0.000000
vn 0.000000 1.000000 0.000000
vn 0.000000 1.000000 0.000000
vn -0.038102 0.000000 0.999274
vn -0.038102 0.000000 0.999274
vn -0.038102 0.000000 0.999274
vn -0.038102 0.000000 0.999274
vn 0.000073 -1.000000 -0.000120
vn 0.000073 -1.000000 -0.000120
vn 0.000073 -1.000000 -0.000120
vn 0.000073 -1.000000 -0.000120
vn -0.032506 0.000000 0.999472
vn -0.032506 0.000000 0.999472
vn -0.032506 0.000000 0.999472
vn -0.032506 0.000000 0.999472
vn -0.000073 1.000000 0.000120
vn -0.000073 1.000000 0.000120
vn -0.000073 1.000000 0.000120
vn -0.000073 1.000000 0.000120
vn 0.000000 1.000000 0.000000
vn 0.000000 1.000000 0.000000
vn 0.000000 1.000000 0.000000
vn 0.000000 1.000000 0.000000
vn 0.000000 0.000000 -1.000000
vn 0.000000 0.000000 -1.000000
vn 0.000000 0.000000 -1.000000
vn 0.000000 0.000000 -1.000000
vn 0.000000 0.000000 -1.000000
vn 0.000000 0.000000 -1.000000
vn 0.000000 0.000000 -1.000000
vn 0.000000 0.000000 -1.000000
vn 0.000000 0.000000 -1.000000
vn 0.000000 0.000000 -1.000000
vn 0.000000 0.000000 -1.000000
vn 0.000000 0.000000 -1.000000
vn 0.000000 0.000000 -1.000000
vn 0.000000 0.000000 -1.000000
vn 0.000000 0.000000 -1.000000
vn 0.000000 0.000000 -1.000000
vn 0.000000 -1.000000 0.000000
vn 0.000000 -1.000000 0.000000
vn 0.000000 -1.000000 0.000000
vn 0.000000 -1.000000 0.000000
vn 0.000000 -1.000000 0.000000
vn 0.000000 -1.000000 0.000000
vn 0.000000 -1.000000 0.000000
vn 0.000000 -1.000000 0.000000
vn 0.000000 1.000000 0.000000
vn 0.000000 1.000000 0.000000
vn 0.000000 1.000000 0.000000
vn 0.000000 1.000000 0.000000
vn 0.000000 0.000000 1.000000
vn 0.000000 0.000000 1.000000
vn 0.000000 0.000000 1.000000
vn 0.000000 0.000000 1.000000
vn 0.000007 1.000000 0.000224
vn 0.000007 1.000000 0.000224
vn 0.000007 1.000000 0.000224
vn 0.000007 1.000000 0.000224
vn 0.000008 1.000000 0.000009
vn 0.000008 1.000000 0.000009
vn 0.000008 1.000000 0.000009
vn 0.000008 1.000000 0.000009
vn 0.000000 0.000000 1.000000
vn 0.000000 0.000000 1.000000
vn 0.000000 0.000000 1.000000
vn 0.000000 0.000000 1.000000
vn 0.000000 0.000000 1.000000
vn 0.000000 0.000000 1.000000
vn 0.000000 0.000000 1.000000
vn 0.000000 0.000000 1.000000
vn 0.000000 0.000000 1.000000
vn 0.000000 0.000000 1.000000
vn 0.000000 0.000000 1.000000
vn 0.000000 0.000000 1.000000
vn 0.000000 0.000000 1.000000
vn 0.000000 0.000000 1.000000
vn 0.000000 0.000000 1.000000
vn 0.000000 0.000000 1.000000
vn 0.000000 0.000000 1.000000
vn 0.000000 0.000000 1.000000
vn 0.000000 0.000000 1.000000
vn 0.000000 0.000000 1.000000
vn 0.000000 0.000000 1.000000
vn 0.000000 0.000000 1.000000
vn -1.000000 0.000000 0.000000
vn -1.000000 0.000000 0.000000
vn -1.000000 0.000000 0.000000
vn -1.000000 0.000000 0.000000
vn 0.000000 0.000000 1.000000
vn 0.000000 0.000000 1.000000
vn 1.000000 0.000000 0.000000
vn 1.000000 0.000000 0.000000
vn 1.000000 0.000000 0.000000
vn 1.000000 0.000000 0.000000
vn 0.000000 0.000000 -1.000000
vn 0.000000 0.000000 -1.000000
vn 0.000000 0.000000 -1.000000
vn 0.000000 0.000000 -1.000000
vn 0.000000 0.000000 -1.000000
vn 0.000000 0.000000 -1.000000
vn 0.000000 0.000000 -1.000000
vn 0.000000 0.000000 -1.000000
vn 0.000000 0.000000 -1.000000
vn 0.000000 0.000000 -1.000000
vn 0.000000 0.000000 -1.000000
vn 0.000000 0.000000 -1.000000
vn 0.000000 0.000000 -1.000000
vn 0.000000 0.000000 -1.000000
vn 0.000000 0.000000 -1.000000
vn 0.000000 0.000000 -1.000000
vn 0.000000 0.000000 -1.000000
vn 0.000000 0.000000 -1.000000
vn 0.000000 0.000000 -1.000000
vn 0.000000 0.000000 -1.000000
vn 0.000000 0.000000 -1.000000
vn 0.000000 0.000000 -1.000000
vn 0.000000 0.000000 -1.000000
vn 0.000000 0.000000 -1.000000
vn -1.000000 0.000000 0.000000
vn -1.000000 0.000000 0.000000
vn -1.000000 0.000000 0.000000
vn -1.000000 0.000000 0.000000
vn 0.000000 0.000000 1.000000
vn 0.000000 0.000000 1.000000
vn 1.000000 0.000000 0.000000
vn 1.000000 0.000000 0.000000
vn 1.000000 0.000000 0.000000
vn 1.000000 0.000000 0.000000
vn 0.000000 0.000000 1.000000
vn 0.000000 0.000000 1.000000
vn 0.000000 0.000000 1.000000
vn 0.000000 0.000000 1.000000
vn 0.000000 0.000000 1.000000
vn 0.000000 0.000000 1.000000
vn 0.000000 0.000000 1.000000
vn 0.000000 0.000000 1.000000
vn 0.000000 0.000000 1.000000
vn 0.000000 0.000000 1.000000
vn 0.000000 0.000000 1.000000
vn 0.000000 0.000000 1.000000
vn 0.000003 0.000000 1.000000
vn 0.000003 0.000000 1.000000
vn 0.000000 0.000000 1.000000
vn 0.000000 0.000000 1.000000
vn 0.000000 0.000000 1.000000
vn 0.000000 0.000000 1.000000
vn 0.000000 0.000000 -1.000000
vn 0.000000 0.000000 -1.000000
vn 0.000000 0.000000 -1.000000
vn 0.000000 0.000000 -1.000000
vn 0.000000 0.000000 -1.000000
vn 0.000000 0.000000 -1.000000
vn 0.000000 0.000000 -1.000000
vn 0.000000 0.000000 -1.000000
vn 0.000000 0.000000 -1.000000
vn 0.000000 0.000000 -1.000000
vn 0.000000 0.000000 -1.000000
vn 0.000000 0.000000 -1.000000
vn 0.000000 0.000000 -1.000000
vn 0.000000 0.000000 -1.000000
vn 0.000000 0.000000 -1.000000
vn 0.000000 0.000000 -1.000000
vn 0.000000 0.000000 -1.000000
vn 0.000000 0.000000 -1.000000
vn 0.000000 0.000000 -1.000000
vn 0.000000 0.000000 -1.000000
vn 1.000000 0.000000 0.000000
vn 1.000000 0.000000 0.000000
vn 1.000000 0.000000 0.000000
vn 1.000000 0.000000 0.000000
vn 0.000000 0.000000 1.000000
vn 0.000000 0.000000 1.000000
vn -1.000000 0.000000 0.000000
vn -1.000000 0.000000 0.000000
vn -1.000000 0.000000 0.000000
vn -1.000000 0.000000 0.000000
vn 0.000000 0.000000 1.000000
vn 0.000000 0.000000 1.000000
vn 0.000000 0.000000 1.000000
vn 0.000000 0.000000 1.000000
vn 0.000000 0.000000 1.000000
vn 0.000000 0.000000 1.000000
vn 0.000000 0.000000 1.000000
vn 0.000000 0.000000 1.000000
vn 0.000000 0.000000 1.000000
vn 0.000000 0.000000 1.000000
vn 0.000000 0.000000 1.000000
vn 0.000000 0.000000 1.000000
vn -0.000003 0.000000 1.000000
vn -0.000003 0.000000 1.000000
vn 0.000000 0.000000 1.000000
vn 0.000000 0.000000 1.000000
vn 0.000000 0.000000 1.000000
vn 0.000000 0.000000 1.000000
vn -0.000000 0.000000 1.000000
vn -0.000000 0.000000 1.000000
vn -0.000000 0.000000 1.000000
vn -0.000000 0.000000 1.000000
vn 0.000003 0.000000 1.000000
vn 0.000003 0.000000 1.000000
vn 0.000000 0.000000 1.000000
vn 0.000000 0.000000 1.000000
vn 0.000000 0.000000 1.000000
vn 0.000000 0.000000 1.000000
vn 0.000000 0.000000 1.000000
vn 0.000000 0.000000 1.000000
vn 0.000000 0.000000 1.000000
vn 0.000000 0.000000 1.000000
vn 0.000000 0.000000 1.000000
vn 0.000000 0.000000 1.000000
vn 0.000000 0.000000 1.000000
vn 0.000000 0.000000 1.000000
vn 1.000000 0.000000 0.000000
vn 1.000000 0.000000 0.000000
vn 1.000000 0.000000 0.000000
vn 1.000000 0.000000 0.000000
vn 0.000000 0.000000 1.000000
vn 0.000000 0.000000 1.000000
vn -1.000000 0.000000 0.000000
vn -1.000000 0.000000 0.000000
vn -1.000000 0.000000 0.000000
vn -1.000000 0.000000 0.000000
vn 0.000000 0.000000 -1.000000
vn 0.000000 0.000000 -1.000000
vn 0.000000 0.000000 -1.000000
vn 0.000000 0.000000 -1.000000
vn 0.000000 -1.000000 -0.000000
vn 0.000000 -1.000000 -0.000000
vn 0.000000 -1.000000 -0.000000
vn 0.000000 -1.000000 -0.000000
vn 0.000000 1.000000 -0.000000
vn 0.000000 1.000000 0.000000
vn 0.000000 1.000000 0.000000
vn 0.000000 1.000000 -0.000000
vn -0.970039 -0.008008 -0.242816
vn -0.970039 -0.008008 -0.242816
vn -0.970039 -0.008008 -0.242816
vn -0.970039 -0.008008 -0.242816
vn 0.000000 -1.000000 -0.000000
vn 0.000000 -1.000000 -0.000000
vn 0.000000 1.000000 -0.000000
vn 0.000000 1.000000 -0.000000
vn 0.000000 1.000000 -0.000000
vn 0.000000 1.000000 -0.000000
vn 0.000000 -1.000000 -0.000000
vn 0.000000 -1.000000 -0.000000
vn 0.000000 -1.000000 0.000000
vn 0.000000 -1.000000 0.000000
vn 0.000000 -1.000000 0.000000
vn 0.000000 -1.000000 0.000000
vn 0.000000 1.000000 -0.000000
vn 0.000000 1.000000 -0.000000
vn 0.000000 1.000000 -0.000000
vn 0.000000 1.000000 -0.000000
vn 0.000000 -1.000000 0.000000
vn 0.000000 -1.000000 0.000000
vn 0.000000 -1.000000 0.000000
vn 0.000000 -1.000000 0.000000
vn 0.970039 -0.008008 -0.242816
vn 0.970039 -0.008008 -0.242816
vn 0.970039 -0.008008 -0.242816
vn 0.970039 -0.008008 -0.242816
vn 0.000000 1.000000 0.000000
vn 0.000000 1.000000 0.000000
vn 0.000000 1.000000 0.000000
vn 0.000000 1.000000 0.000000
vn 0.000000 -1.000000 0.000126
vn 0.000771 -1.000000 0.000127
vn 0.000771 -1.000000 0.000127
vn 0.000000 -1.000000 0.000126
vn 0.950370 0.008427 0.311008
vn 0.950370 0.008427 0.311008
vn 0.950370 0.008427 0.311008
vn 0.950370 0.008427 0.311008
vn -0.000973 1.000000 -0.000159
vn 0.000000 1.000000 -0.000159
vn 0.000000 1.000000 -0.000159
vn -0.000973 1.000000 -0.000159
vn -0.000771 -1.000000 0.000126
vn -0.000771 -1.000000 0.000126
vn 0.000973 1.000000 -0.000159
vn 0.000973 1.000000 -0.000159
vn -0.950370 0.008427 0.311008
vn -0.950370 0.008427 0.311008
vn -0.950370 0.008427 0.311008
vn -0.950370 0.008427 0.311008
vn 0.951057 0.000000 -0.309017
vn 0.809015 0.000000 -0.587788
vn 0.809015 0.000000 -0.587788
vn 0.951057 0.000000 -0.309017
vn 0.587786 0.000000 -0.809016
vn 0.587786 0.000000 -0.809016
vn 0.309019 0.000000 -0.951056
vn 0.309019 0.000000 -0.951056
vn 0.000000 0.000000 -1.000000
vn 0.000000 0.000000 -1.000000
vn -0.309019 0.000000 -0.951056
vn -0.309019 0.000000 -0.951056
vn -0.587786 0.000000 -0.809016
vn -0.587786 0.000000 -0.809016
vn -0.809015 0.000000 -0.587788
vn -0.809015 0.000000 -0.587788
vn -0.951057 0.000000 -0.309017
vn -0.951057 0.000000 -0.309017
vn -1.000000 0.000000 -0.000000
vn -1.000000 0.000000 -0.000000
vn -0.951057 0.000000 0.309016
vn -0.951057 0.000000 0.309016
vn -0.809015 0.000000 0.587788
vn -0.809015 0.000000 0.587788
vn -0.587784 0.000000 0.809018
vn -0.587784 0.000000 0.809018
vn -0.309015 0.000000 0.951057
vn -0.309015 0.000000 0.951057
vn 0.000000 0.000000 1.000000
vn 0.000000 0.000000 1.000000
vn 0.309015 0.000000 0.951057
vn 0.309015 0.000000 0.951057
vn 0.587784 0.000000 0.809018
vn 0.587784 0.000000 0.809018
vn 0.809015 0.000000 0.587788
vn 0.809015 0.000000 0.587788
vn 0.951057 0.000000 0.309016
vn 0.951057 0.000000 0.309016
vn 1.000000 0.000000 -0.000000
vn 1.000000 0.000000 -0.000000
vn 0.000000 -1.000000 0.000006
vn 0.000000 -1.000000 0.000000
vn 0.000000 -1.000000 0.000000
vn 0.000000 -1.000000 0.000006
vn 0.000000 -1.000000 0.000000
vn 0.000000 -1.000000 0.000000
vn 0.000000 -1.000000 0.000000
vn 0.000000 -1.000000 0.000006
vn 0.000000 -1.000000 0.000006
vn 0.000000 -1.000000 0.000000
vn 0.000000 -1.000000 0.000000
vn 0.000000 -1.000000 0.000000
vn 0.000000 -1.000000 -0.000006
vn 0.000000 -1.000000 -0.000006
vn 0.000000 -1.000000 0.000000
vn 0.000000 -1.000000 0.000000
vn 0.000000 -1.000000 0.000000
vn 0.000000 -1.000000 -0.000006
vn 0.000000 -1.000000 -0.000006
vn 0.000000 -1.000000 0.000000
vn 0.000000 -1.000000 0.000000
vn 0.000000 1.000000 0.000000
vn 0.000000 1.000000 0.000000
vn 0.000000 1.000000 0.000000
vn 0.000000 1.000000 0.000000
vn 0.000000 1.000000 0.000000
vn 0.000000 1.000000 0.000000
vn 0.000000 1.000000 -0.000012
vn 0.000000 1.000000 -0.000012
vn 0.000000 1.000000 0.000000
vn 0.000000 1.000000 0.000000
vn 0.000000 1.000000 0.000000
vn 0.000000 1.000000 0.000000
vn 0.000000 1.000000 0.000000
vn 0.000000 1.000000 0.000000
vn 0.000000 1.000000 0.000000
vn 0.000000 1.000000 0.000000
vn 0.000000 1.000000 0.000012
vn 0.000000 1.000000 0.000012
vn 0.000000 1.000000 0.000000
vn 0.000000 1.000000 0.000000
vn 0.000000 1.000000 0.000000
vn 0.951057 0.000000 -0.309017
vn 0.809015 0.000000 -0.587788
vn 0.809015 0.000000 -0.587788
vn 0.951057 0.000000 -0.309017
vn 0.587786 0.000000 -0.809016
vn 0.587786 0.000000 -0.809016
vn 0.309019 0.000000 -0.951056
vn 0.309019 0.000000 -0.951056
vn 0.000000 0.000000 -1.000000
vn 0.000000 0.000000 -1.000000
vn -0.309019 0.000000 -0.951056
vn -0.309019 0.000000 -0.951056
vn -0.587786 0.000000 -0.809016
vn -0.587786 0.000000 -0.809016
vn -0.809015 0.000000 -0.587788
vn -0.809015 0.000000 -0.587788
vn -0.951057 0.000000 -0.309017
vn -0.951057 0.000000 -0.309017
vn -1.000000 0.000000 -0.000000
vn -1.000000 0.000000 -0.000000
vn -0.951057 0.000000 0.309016
vn -0.951057 0.000000 0.309016
vn -0.809015 0.000000 0.587788
vn -0.809015 0.000000 0.587788
vn -0.587784 0.000000 0.809018
vn -0.587784 0.000000 0.809018
vn -0.309015 0.000000 0.951057
vn -0.309015 0.000000 0.951057
vn 0.000000 0.000000 1.000000
vn 0.000000 0.000000 1.000000
vn 0.309015 0.000000 0.951057
vn 0.309015 0.000000 0.951057
vn 0.587784 0.000000 0.809018
vn 0.587784 0.000000 0.809018
vn 0.809015 0.000000 0.587788
vn 0.809015 0.000000 0.587788
vn 0.951057 0.000000 0.309016
vn 0.951057 0.000000 0.309016
vn 1.000000 0.000000 -0.000000
vn 1.000000 0.000000 -0.000000
vn 0.000000 -1.000000 0.000006
vn 0.000000 -1.000000 0.000000
vn 0.000000 -1.000000 0.000000
vn 0.000000 -1.000000 0.000006
vn 0.000000 -1.000000 0.000000
vn 0.000000 -1.000000 0.000000
vn 0.000000 -1.000000 0.000000
vn 0.000000 -1.000000 0.000006
vn 0.000000 -1.000000 0.000006
vn 0.000000 -1.000000 0.000000
vn 0.000000 -1.000000 0.000000
vn 0.000000 -1.000000 0.000000
vn 0.000000 -1.000000 -0.000006
vn 0.000000 -1.000000 -0.000006
vn 0.000000 -1.000000 0.000000
vn 0.000000 -1.000000 0.000000
vn 0.000000 -1.000000 0.000000
vn 0.000000 -1.000000 -0.000006
vn 0.000000 -1.000000 -0.000006
vn 0.000000 -1.000000 0.000000
vn 0.000000 -1.000000 0.000000
vn 0.000000 1.000000 0.000000
vn 0.000000 1.000000 0.000000
vn 0.000000 1.000000 0.000000
vn 0.000000 1.000000 0.000000
vn 0.000000 1.000000 0.000000
vn 0.000000 1.000000 0.000000
vn 0.000000 1.000000 -0.000012
vn 0.000000 1.000000 -0.000012
vn 0.000000 1.000000 0.000000
vn 0.000000 1.000000 0.000000
vn 0.000000 1.000000 0.000000
vn 0.000000 1.000000 0.000000
vn 0.000000 1.000000 0.000000
vn 0.000000 1.000000 0.000000
vn 0.000000 1.000000 0.000000
vn 0.000000 1.000000 0.000000
vn 0.000000 1.000000 0.000012
vn 0.000000 1.000000 0.000012
vn 0.000000 1.000000 0.000000
vn 0.000000 1.000000 0.000000
vn 0.000000 1.000000 0.000000
vn 0.028366 0.095754 0.995001
vn 0.010818 0.095787 0.995343
vn 0.000000 0.095793 0.995401
vn 0.000000 0.095793 0.995401
vn 0.192557 0.965840 -0.173420
vn 0.219066 0.960352 -0.172435
vn 0.000000 0.984260 -0.176728
vn 0.000000 0.984260 -0.176728
vn -0.010817 -0.095787 -0.995343
vn -0.028364 -0.095755 -0.995001
vn 0.000000 -0.095793 -0.995401
vn 0.000000 -0.095793 -0.995401
vn -0.219066 -0.960352 0.172435
vn -0.192557 -0.965840 0.173420
vn 0.000000 -0.984260 0.176728
vn 0.000000 -0.984260 0.176728
vn 1.000000 0.000001 0.000000
vn 1.000000 0.000001 0.000000
vn 1.000000 0.000001 0.000000
vn 1.000000 0.000001 0.000000
vn -1.000000 -0.000001 0.000000
vn -1.000000 -0.000001 0.000000
vn -1.000000 -0.000001 0.000000
vn -1.000000 -0.000001 0.000000
vn 0.219067 -0.960352 0.172435
vn 0.192558 -0.965840 0.173420
vn 0.139359 -0.974655 0.175003
vn 0.120614 -0.977074 0.175438
vn 0.010817 -0.095785 -0.995343
vn 0.028364 -0.095752 -0.995001
vn 0.006461 -0.095789 -0.995381
vn 0.018318 -0.095774 -0.995235
vn -0.192558 0.965840 -0.173420
vn -0.219067 0.960352 -0.172435
vn -0.120614 0.977074 -0.175438
vn -0.139359 0.974655 -0.175003
vn -0.028365 0.095754 0.995001
vn -0.010817 0.095787 0.995343
vn -0.018319 0.095777 0.995234
vn -0.006461 0.095791 0.995381
vn -0.000001 -0.984260 0.176728
vn -0.000001 -0.984260 0.176728
vn 0.000001 -0.095790 -0.995402
vn 0.000001 -0.095790 -0.995402
vn 0.000001 0.984260 -0.176728
vn 0.000001 0.984260 -0.176728
vn 0.000000 0.095793 0.995401
vn 0.000000 0.095793 0.995401
vn -0.003452 -0.984115 0.177502
vn 0.000000 -0.984583 0.174918
vn 0.000000 -0.984583 0.174918
vn 0.000000 -0.984583 0.174919
vn -0.000000 -0.095792 -0.995401
vn -0.000000 -0.095792 -0.995401
vn 0.000000 -0.095793 -0.995401
vn 0.000000 -0.095793 -0.995401
vn -0.000000 0.984260 -0.176727
vn -0.000000 0.984260 -0.176727
vn 0.000000 0.984260 -0.176728
vn -0.000000 0.984260 -0.176728
vn 0.000000 0.095792 0.995401
vn 0.000000 0.095792 0.995401
vn 0.000000 0.095793 0.995401
vn 0.000000 0.095793 0.995401
vn 0.018470 0.095776 0.995232
vn 0.006375 0.095791 0.995381
vn 0.120824 0.977049 -0.175433
vn 0.139878 0.974583 -0.174990
vn -0.006374 -0.095789 -0.995381
vn -0.018469 -0.095775 -0.995232
vn -0.139878 -0.974583 0.174990
vn -0.120824 -0.977049 0.175433
vn 0.006461 0.095790 0.995381
vn 0.018319 0.095776 0.995234
vn 0.139358 0.974655 -0.175003
vn 0.120613 0.977074 -0.175438
vn -0.018318 -0.095777 -0.995234
vn -0.006461 -0.095791 -0.995381
vn -0.120613 -0.977074 0.175437
vn -0.139358 -0.974655 0.175003
vn 0.005543 0.095791 0.995386
vn 0.016315 0.095780 0.995269
vn 0.123070 0.976777 -0.175384
vn 0.105985 0.978716 -0.175733
vn -0.016313 -0.095780 -0.995269
vn -0.005542 -0.095791 -0.995386
vn -0.105985 -0.978716 0.175732
vn -0.123070 -0.976777 0.175384
vn -0.006374 0.095790 0.995381
vn -0.018469 0.095776 0.995232
vn -0.139879 0.974583 -0.174990
vn -0.120825 0.977049 -0.175433
vn 0.018469 -0.095777 -0.995232
vn 0.006374 -0.095791 -0.995381
vn 0.120824 -0.977049 0.175433
vn 0.139878 -0.974583 0.174990
vn -0.004866 0.095791 0.995390
vn -0.017388 0.095778 0.995251
vn -0.126390 0.976367 -0.175311
vn -0.107133 0.978595 -0.175711
vn 0.017387 -0.095778 -0.995251
vn 0.004865 -0.095792 -0.995390
vn 0.107133 -0.978595 0.175711
vn 0.126390 -0.976367 0.175311
vn -0.016314 0.095780 0.995269
vn -0.005543 0.095791 0.995386
vn -0.105985 0.978716 -0.175732
vn -0.123070 0.976777 -0.175384
vn 0.005543 -0.095792 -0.995386
vn 0.016314 -0.095781 -0.995269
vn 0.123070 -0.976778 0.175384
vn 0.105985 -0.978716 0.175732
vn -0.019124 0.095775 0.995219
vn -0.005411 0.095792 0.995387
vn -0.118393 0.977337 -0.175485
vn -0.139376 0.974653 -0.175003
vn 0.005410 -0.095792 -0.995387
vn 0.019123 -0.095776 -0.995219
vn 0.139376 -0.974653 0.175003
vn 0.118394 -0.977337 0.175485
vn 0.017389 0.095778 0.995251
vn 0.004866 0.095792 0.995390
vn 0.107133 0.978595 -0.175711
vn 0.126390 0.976367 -0.175310
vn -0.004866 -0.095792 -0.995390
vn -0.017387 -0.095779 -0.995251
vn -0.126390 -0.976367 0.175310
vn -0.107133 -0.978595 0.175711
vn 0.019466 0.095775 0.995213
vn 0.005198 0.095792 0.995388
vn 0.118768 0.977293 -0.175477
vn 0.140398 0.974511 -0.174977
vn -0.005197 -0.095792 -0.995388
vn -0.019465 -0.095775 -0.995213
vn -0.140398 -0.974511 0.174977
vn -0.118768 -0.977293 0.175477
vn 0.005411 0.095791 0.995387
vn 0.019125 0.095775 0.995219
vn 0.139376 0.974653 -0.175003
vn 0.118394 0.977337 -0.175485
vn -0.019124 -0.095776 -0.995219
vn -0.005410 -0.095792 -0.995387
vn -0.118394 -0.977337 0.175485
vn -0.139376 -0.974653 0.175003
vn 0.005391 0.095792 0.995387
vn 0.020109 0.095774 0.995200
vn 0.375773 0.912125 -0.163775
vn 0.335587 0.927182 -0.166479
vn -0.019928 -0.095773 -0.995204
vn -0.005336 -0.095790 -0.995387
vn -0.354755 -0.920239 0.165256
vn -0.388468 -0.907095 0.162086
vn -0.005197 0.095791 0.995388
vn -0.019465 0.095774 0.995213
vn -0.140398 0.974511 -0.174977
vn -0.118768 0.977293 -0.175477
vn 0.019465 -0.095775 -0.995213
vn 0.005197 -0.095792 -0.995388
vn 0.118768 -0.977293 0.175477
vn 0.140398 -0.974511 0.174977
vn 0.000000 0.095793 0.995401
vn 0.000000 0.095793 0.995401
vn 0.000000 0.984260 -0.176728
vn 0.000001 0.984260 -0.176727
vn 0.000000 -0.095792 -0.995401
vn -0.000000 -0.095792 -0.995401
vn 0.003452 -0.984114 0.177502
vn -0.000000 -0.984583 0.174918
vn -0.020108 0.095774 0.995200
vn -0.005390 0.095792 0.995387
vn -0.335590 0.927181 -0.166479
vn -0.375788 0.912119 -0.163774
vn 0.005336 -0.095792 -0.995387
vn 0.019929 -0.095774 -0.995204
vn 0.388467 -0.907095 0.162086
vn 0.354755 -0.920239 0.165256
vn 0.000000 0.984260 -0.176727
vn 0.000000 0.984260 -0.176728
vn 0.000021 -0.984735 0.174059
vn -0.003309 -0.984155 0.177282
vn 0.951056 0.000000 -0.309018
vn 0.809015 0.000000 -0.587788
vn 0.809015 0.000000 -0.587788
vn 0.951056 0.000000 -0.309018
vn 0.587790 0.000000 -0.809014
vn 0.587790 0.000000 -0.809014
vn 0.309009 0.000000 -0.951059
vn 0.309009 0.000000 -0.951059
vn 0.000000 0.000000 -1.000000
vn 0.000000 0.000000 -1.000000
vn -0.309009 0.000000 -0.951059
vn -0.309009 0.000000 -0.951059
vn -0.587790 0.000000 -0.809014
vn -0.587790 0.000000 -0.809014
vn -0.809021 0.000000 -0.587780
vn -0.809021 0.000000 -0.587780
vn -0.951056 0.000000 -0.309018
vn -0.951056 0.000000 -0.309018
vn -1.000000 0.000000 0.000000
vn -1.000000 0.000000 0.000000
vn -0.951056 0.000000 0.309018
vn -0.951056 0.000000 0.309018
vn -0.809015 0.000000 0.587788
vn -0.809015 0.000000 0.587788
vn -0.587787 0.000000 0.809016
vn -0.587787 0.000000 0.809016
vn -0.309023 0.000000 0.951055
vn -0.309023 0.000000 0.951055
vn 0.000000 0.000000 1.000000
vn 0.000000 0.000000 1.000000
vn 0.309023 0.000000 0.951055
vn 0.309023 0.000000 0.951055
vn 0.587787 0.000000 0.809016
vn 0.587787 0.000000 0.809016
vn 0.809015 0.000000 0.587788
vn 0.809015 0.000000 0.587788
vn 0.951056 0.000000 0.309018
vn 0.951056 0.000000 0.309018
vn 1.000000 0.000000 0.000000
vn 1.000000 0.000000 0.000000
vn 0.000000 -1.000000 0.000012
vn 0.000000 -1.000000 0.000000
vn 0.000000 -1.000000 0.000000
vn 0.000000 -1.000000 0.000012
vn 0.000000 -1.000000 0.000000
vn 0.000000 -1.000000 0.000000
vn 0.000000 -1.000000 0.000000
vn 0.000000 -1.000000 0.000000
vn 0.000000 -1.000000 0.000000
vn 0.000000 -1.000000 0.000000
vn 0.000000 -1.000000 0.000000
vn 0.000000 -1.000000 0.000000
vn 0.000000 -1.000000 -0.000012
vn 0.000000 -1.000000 -0.000012
vn 0.000000 -1.000000 0.000000
vn 0.000000 -1.000000 0.000000
vn 0.000000 -1.000000 0.000000
vn 0.000000 -1.000000 0.000000
vn 0.000000 -1.000000 0.000000
vn 0.000000 -1.000000 0.000000
vn 0.000000 -1.000000 0.000000
vn 0.000000 1.000000 0.000000
vn 0.000000 1.000000 0.000000
vn 0.000000 1.000000 0.000000
vn 0.000000 1.000000 0.000000
vn 0.000000 1.000000 0.000000
vn 0.000000 1.000000 0.000000
vn 0.000000 1.000000 0.000000
vn 0.000000 1.000000 0.000000
vn 0.000000 1.000000 0.000000
vn 0.000000 1.000000 0.000000
vn 0.000000 1.000000 0.000000
vn 0.000000 1.000000 0.000000
vn 0.000000 1.000000 0.000000
vn 0.000000 1.000000 0.000000
vn 0.000000 1.000000 0.000000
vn 0.000000 1.000000 0.000000
vn 0.000000 1.000000 0.000000
vn 0.000000 1.000000 0.000000
vn 0.000000 1.000000 0.000000
vn 0.000000 1.000000 0.000000
vn 0.000000 1.000000 0.000000
vn 0.951056 0.000000 -0.309018
vn 0.809015 0.000000 -0.587788
vn 0.809015 0.000000 -0.587788
vn 0.951056 0.000000 -0.309018
vn 0.587790 0.000000 -0.809014
vn 0.587790 0.000000 -0.809014
vn 0.309009 0.000000 -0.951059
vn 0.309009 0.000000 -0.951059
vn 0.000000 0.000000 -1.000000
vn 0.000000 0.000000 -1.000000
vn -0.309009 0.000000 -0.951059
vn -0.309009 0.000000 -0.951059
vn -0.587790 0.000000 -0.809014
vn -0.587790 0.000000 -0.809014
vn -0.809021 0.000000 -0.587780
vn -0.809021 0.000000 -0.587780
vn -0.951056 0.000000 -0.309018
vn -0.951056 0.000000 -0.309018
vn -1.000000 0.000000 0.000000
vn -1.000000 0.000000 0.000000
vn -0.951056 0.000000 0.309018
vn -0.951056 0.000000 0.309018
vn -0.809015 0.000000 0.587788
vn -0.809015 0.000000 0.587788
vn -0.587787 0.000000 0.809016
vn -0.587787 0.000000 0.809016
vn -0.309023 0.000000 0.951055
vn -0.309023 0.000000 0.951055
vn 0.000000 0.000000 1.000000
vn 0.000000 0.000000 1.000000
vn 0.309023 0.000000 0.951055
vn 0.309023 0.000000 0.951055
vn 0.587787 0.000000 0.809016
vn 0.587787 0.000000 0.809016
vn 0.809015 0.000000 0.587788
vn 0.809015 0.000000 0.587788
vn 0.951056 0.000000 0.309018
vn 0.951056 0.000000 0.309018
vn 1.000000 0.000000 0.000000
vn 1.000000 0.000000 0.000000
vn 0.000000 -1.000000 0.000012
vn 0.000000 -1.000000 0.000000
vn 0.000000 -1.000000 0.000000
vn 0.000000 -1.000000 0.000012
vn 0.000000 -1.000000 0.000000
vn 0.000000 -1.000000 0.000000
vn 0.000000 -1.000000 0.000000
vn 0.000000 -1.000000 0.000000
vn 0.000000 -1.000000 0.000000
vn 0.000000 -1.000000 0.000000
vn 0.000000 -1.000000 0.000000
vn 0.000000 -1.000000 0.000000
vn 0.000000 -1.000000 -0.000012
vn 0.000000 -1.000000 -0.000012
vn 0.000000 -1.000000 0.000000
vn 0.000000 -1.000000 0.000000
vn 0.000000 -1.000000 0.000000
vn 0.000000 -1.000000 0.000000
vn 0.000000 -1.000000 0.000000
vn 0.000000 -1.000000 0.000000
vn 0.000000 -1.000000 0.000000
vn 0.000000 1.000000 0.000000
vn 0.000000 1.000000 0.000000
vn 0.000000 1.000000 0.000000
vn 0.000000 1.000000 0.000000
vn 0.000000 1.000000 0.000000
vn 0.000000 1.000000 0.000000
vn 0.000000 1.000000 0.000000
vn 0.000000 1.000000 0.000000
vn 0.000000 1.000000 0.000000
vn 0.000000 1.000000 0.000000
vn 0.000000 1.000000 0.000000
vn 0.000000 1.000000 0.000000
vn 0.000000 1.000000 0.000000
vn 0.000000 1.000000 0.000000
vn 0.000000 1.000000 0.000000
vn 0.000000 1.000000 0.000000
vn 0.000000 1.000000 0.000000
vn 0.000000 1.000000 0.000000
vn 0.000000 1.000000 0.000000
vn 0.000000 1.000000 0.000000
vn 0.000000 1.000000 0.000000
vn -0.131056 -0.802760 0.581723
vn -0.154937 -0.739718 0.654837
vn -0.000002 -0.888507 0.458862
vn -0.000002 -0.888507 0.458864
vn 0.000000 -0.888506 0.458864
vn 0.000000 -0.888507 0.458864
vn 0.000000 -0.888507 0.458864
vn 0.000000 -0.888507 0.458864
vn -0.000001 -0.888507 0.458863
vn -0.000001 -0.888507 0.458864
vn 0.154937 -0.739718 0.654838
vn 0.131056 -0.802760 0.581723
vn 0.530798 -0.364935 0.764903
vn 0.492070 -0.505027 0.709095
vn 0.530796 -0.364936 0.764903
vn 0.492069 -0.505027 0.709095
vn 1.000000 0.000001 -0.000013
vn 1.000000 0.000003 -0.000014
vn 0.971919 -0.088330 -0.218107
vn 0.977330 -0.022490 -0.210523
vn -0.478592 -0.591095 -0.649274
vn -0.378941 -0.769494 -0.514084
vn -0.478595 -0.591095 -0.649271
vn -0.378943 -0.769495 -0.514081
vn 0.000000 -0.780490 -0.625168
vn 0.000000 -0.780490 -0.625168
vn 0.000000 -0.780490 -0.625168
vn 0.000000 -0.780490 -0.625168
vn 0.000000 -0.780491 -0.625168
vn 0.000000 -0.780491 -0.625168
vn 0.000000 -0.780490 -0.625168
vn 0.000000 -0.780490 -0.625168
vn 0.000000 -0.780490 -0.625169
vn 0.000000 -0.780490 -0.625169
vn 0.000000 -0.780490 -0.625168
vn 0.000000 -0.780490 -0.625168
vn 0.378943 -0.769495 -0.514082
vn 0.478595 -0.591095 -0.649272
vn 0.378941 -0.769494 -0.514084
vn 0.478592 -0.591095 -0.649273
vn -0.977358 -0.020086 -0.210637
vn -0.972089 -0.083463 -0.219267
vn -1.000000 -0.000003 0.000015
vn -1.000000 -0.000001 0.000013
vn -0.492069 -0.505027 0.709095
vn -0.530797 -0.364935 0.764903
vn -0.492071 -0.505026 0.709095
vn -0.530798 -0.364934 0.764903
vn -0.043078 -0.953121 0.299506
vn -0.043078 -0.953121 0.299506
vn -0.000001 -0.979322 0.202306
vn -0.000001 -0.979322 0.202306
vn 0.000000 -0.979322 0.202306
vn 0.000000 -0.979322 0.202306
vn 0.000000 -0.979322 0.202306
vn 0.000000 -0.979322 0.202306
vn 0.000000 -0.979322 0.202306
vn 0.000000 -0.979322 0.202306
vn 0.043078 -0.953121 0.299506
vn 0.043078 -0.953122 0.299506
vn 0.355815 -0.781336 0.512747
vn 0.355815 -0.781336 0.512747
vn 0.355814 -0.781336 0.512747
vn 0.355814 -0.781336 0.512747
vn 1.000000 0.000009 -0.000018
vn 1.000000 0.000009 -0.000018
vn 0.947785 -0.220395 -0.230500
vn 0.947785 -0.220395 -0.230500
vn -0.219428 -0.929105 -0.297684
vn -0.219428 -0.929105 -0.297684
vn -0.219429 -0.929105 -0.297682
vn -0.219429 -0.929105 -0.297682
vn 0.000000 -0.952314 -0.305118
vn 0.000000 -0.952314 -0.305118
vn 0.000000 -0.952314 -0.305119
vn 0.000000 -0.952314 -0.305119
vn 0.000000 -0.952315 -0.305117
vn 0.000000 -0.952315 -0.305117
vn 0.000000 -0.952315 -0.305117
vn 0.000000 -0.952315 -0.305117
vn 0.000000 -0.952314 -0.305120
vn 0.000000 -0.952314 -0.305120
vn 0.000000 -0.952314 -0.305118
vn 0.000000 -0.952314 -0.305118
vn 0.219429 -0.929106 -0.297681
vn 0.219429 -0.929106 -0.297681
vn 0.219428 -0.929105 -0.297684
vn 0.219428 -0.929105 -0.297684
vn -0.949868 -0.207730 -0.233664
vn -0.949868 -0.207730 -0.233664
vn -1.000000 -0.000010 0.000022
vn -1.000000 -0.000010 0.000022
vn -0.355815 -0.781337 0.512746
vn -0.355815 -0.781337 0.512746
vn -0.355817 -0.781336 0.512747
vn -0.355817 -0.781336 0.512747
vn -0.000000 -0.984735 0.174061
vn 0.000000 -0.984735 0.174061
vn -0.000022 -0.984735 0.174059
vn 0.003309 -0.984155 0.177282
vn 0.000012 -0.984169 0.177233
vn 0.000000 -0.984169 0.177233
vn 0.000000 -0.984169 0.177233
vn 0.000012 -0.984169 0.177233
vn -0.000012 -0.984169 0.177233
vn -0.000012 -0.984169 0.177233
vn -0.031589 -0.161640 0.986344
vn -0.000000 -0.161721 0.986837
vn -0.000000 -0.161721 0.986837
vn -0.031589 -0.161640 0.986344
vn 0.000000 -0.489767 -0.871854
vn -0.000004 -0.489766 -0.871854
vn -0.000004 -0.489766 -0.871854
vn 0.000000 -0.489767 -0.871854
vn 1.000000 0.000001 -0.000000
vn 1.000000 0.000001 -0.000000
vn 1.000000 0.000001 -0.000000
vn 1.000000 0.000001 -0.000000
vn 0.031589 -0.161640 0.986344
vn 0.031589 -0.161640 0.986344
vn -1.000000 0.000001 -0.000000
vn -1.000000 0.000001 -0.000000
vn -1.000000 0.000001 -0.000000
vn -1.000000 0.000001 -0.000000
vn 0.000004 -0.489767 -0.871853
vn 0.000004 -0.489767 -0.871853
vn -0.000000 0.984260 -0.176728
vn -0.000000 0.984260 -0.176728
vn 0.000000 0.984260 -0.176728
vn -0.000000 0.984260 -0.176728
vn -0.003552 0.984361 -0.176128
vn -0.001213 0.984363 -0.176149
vn -0.001213 0.984363 -0.176149
vn -0.003559 0.984361 -0.176128
vn -0.006045 0.984353 -0.176104
vn -0.006045 0.984353 -0.176104
vn 0.001294 0.208300 -0.978064
vn -0.000985 0.205779 -0.978598
vn -0.000985 0.205779 -0.978598
vn 0.001339 0.208349 -0.978054
vn -0.997809 0.065250 -0.010955
vn -0.997809 0.065250 -0.010955
vn -0.997809 0.065250 -0.010955
vn -0.997809 0.065250 -0.010955
vn 0.002449 0.537819 0.843057
vn 0.002565 0.542695 0.839926
vn 0.002578 0.543262 0.839559
vn 0.002449 0.537819 0.843057
vn 0.003615 0.210865 -0.977508
vn 0.003615 0.210865 -0.977509
vn 0.002696 0.548236 0.836320
vn 0.002696 0.548236 0.836320
vn 0.997295 0.072322 -0.013125
vn 0.997295 0.072322 -0.013125
vn 0.997295 0.072322 -0.013125
vn 0.997295 0.072322 -0.013125
s off
g BarLOD0
usemtl initialShadingGroup
f 1/1892/1 2/1893/2 4/1894/3 3/1895/4
f 3/454/5 4/455/6 6/456/7 5/457/8
f 5/1898/9 6/1899/10 8/1900/11 7/1901/12
f 7/458/13 8/459/14 2/460/15 1/461/16
f 2/1893/17 8/1896/18 6/1897/19 4/1894/20
f 7/1901/21 1/1902/22 3/1903/23 5/1898/24
f 9/1904/25 10/1905/26 12/1906/27 11/1907/28
f 11/462/29 12/463/30 14/464/31 13/465/32
f 13/1910/33 14/1911/34 16/1912/35 15/1913/36
f 15/466/37 16/467/38 10/468/39 9/469/40
f 10/1914/41 16/1912/42 14/1911/43 12/1915/44
f 15/1908/45 9/1904/46 11/1907/47 13/1909/48
f 216/1323/49 162/1324/50 18/1325/51 20/1326/52
f 237/470/53 238/471/54 253/472/55 254/473/56
f 392/1349/57 393/1350/58 394/1351/59 395/1352/60
f 217/525/61 218/526/62 273/527/63 245/528/64
f 35/124/65 36/125/66 43/126/67 44/127/68
f 47/142/69 48/143/70 39/144/71 40/145/72
f 575/557/73 576/558/74 37/546/75 42/545/76
f 397/1366/77 396/1365/78 609/1375/79 610/1376/80
f 585/498/81 586/499/82 123/488/83 122/487/84
f 20/1326/85 18/1325/86 577/1329/87 578/1330/88
f 48/596/89 50/580/90 51/579/91 39/597/92
f 52/1346/93 53/1345/94 31/1347/95 30/1348/96
f 40/641/97 54/642/98 55/643/99 47/644/100
f 242/680/101 243/679/102 248/689/103 249/690/104
f 578/716/105 579/717/106 34/708/107 20/707/108
f 26/128/109 36/125/110 35/124/111 28/129/112
f 18/559/113 37/546/114 576/558/115 577/573/116
f 217/525/117 245/528/118 246/535/119 247/536/120 244/537/121
f 39/597/122 51/579/123 52/595/124 30/612/125
f 40/145/126 39/144/127 30/148/128 31/149/129
f 53/645/130 54/642/131 40/641/132 31/646/133
f 221/553/134 222/566/135 269/567/136 270/554/137
f 66/601/138 571/615/139 572/602/140 80/584/141
f 77/135/142 78/134/143 68/136/144 69/137/145
f 597/739/146 598/745/147 71/738/148 87/730/149
f 225/711/150 226/703/151 265/712/152 266/720/153
f 84/661/154 85/660/155 73/668/156 74/669/157
f 74/154/158 75/155/159 83/153/160 84/152/161
f 75/636/162 76/629/163 82/620/164 83/630/165
f 76/629/166 528/619/167 529/607/168 82/620/169
f 51/579/170 50/580/171 532/565/172 533/564/173
f 52/595/174 51/579/175 533/564/176 534/578/177
f 534/1344/178 535/1343/179 53/1345/180 52/1346/181
f 535/649/182 536/650/183 54/642/184 53/645/185
f 128/515/186 127/516/187 542/505/188 543/504/189
f 554/667/190 555/676/191 73/668/192 85/660/193
f 566/1379/194 567/1378/195 402/1391/196 403/1392/197
f 78/626/198 79/616/199 67/625/200 68/632/201
f 36/587/202 59/572/203 58/571/204 43/588/205
f 60/589/206 59/572/207 36/587/208 26/605/209
f 61/1334/210 60/1333/211 26/1337/212 28/1338/213
f 35/734/214 62/726/215 61/725/216 28/735/217
f 44/742/218 63/733/219 62/726/220 35/734/221
f 69/754/222 70/750/223 88/746/224 77/751/225
f 222/566/226 323/581/227 324/582/228 269/567/229
f 326/614/230 327/624/231 67/625/232 571/615/233 66/601/234
f 68/632/235 67/625/236 327/624/237 328/633/238
f 69/137/239 68/136/240 328/138/241 329/139/242
f 329/756/243 330/753/244 70/750/245 69/754/246
f 598/745/247 599/749/248 331/744/249 71/738/250
f 333/728/251 334/719/252 225/711/253 266/720/254
f 555/676/255 556/686/256 338/677/257 73/668/258
f 74/669/259 73/668/260 338/677/261 339/678/262
f 339/156/263 340/157/264 75/155/265 74/154/266
f 340/639/267 341/635/268 76/629/269 75/636/270
f 341/635/271 527/628/272 528/619/273 76/629/274
f 89/133/275 90/132/276 78/134/277 77/135/278
f 90/617/279 91/603/280 79/616/281 78/626/282
f 80/584/283 572/602/284 573/585/285 92/569/286
f 220/542/287 221/553/288 270/554/289 271/543/290
f 82/620/291 529/607/292 530/591/293 94/608/294
f 83/630/295 82/620/296 94/608/297 95/621/298
f 84/152/299 83/153/300 95/151/301 96/150/302
f 96/654/303 97/653/304 85/660/305 84/661/306
f 553/659/307 554/667/308 85/660/309 97/653/310
f 226/703/311 227/694/312 264/704/313 265/712/314
f 596/731/315 597/739/316 87/730/317 99/722/318
f 77/751/319 88/746/320 100/740/321 89/747/322
f 101/131/323 102/130/324 90/132/325 89/133/326
f 102/604/327 103/586/328 91/603/329 90/617/330
f 92/569/331 573/585/332 574/570/333 104/556/334
f 219/531/335 220/542/336 271/543/337 272/532/338
f 94/608/339 530/591/340 531/575/341 106/592/342
f 95/621/343 94/608/344 106/592/345 107/609/346
f 96/150/347 95/151/348 107/147/349 108/146/350
f 108/648/351 109/647/352 97/653/353 96/654/354
f 552/652/355 553/659/356 97/653/357 109/647/358
f 227/694/359 228/685/360 263/696/361 264/704/362
f 595/724/363 596/731/364 99/722/365 111/715/366
f 89/747/367 100/740/368 112/732/369 101/741/370
f 44/127/371 43/126/372 102/130/373 101/131/374
f 43/588/375 58/571/376 103/586/377 102/604/378
f 104/556/379 574/570/380 575/557/381 42/545/382
f 218/526/383 219/531/384 272/532/385 273/527/386
f 106/592/387 531/575/388 532/565/389 50/580/390
f 107/609/391 106/592/392 50/580/393 48/596/394
f 108/146/395 107/147/396 48/143/397 47/142/398
f 47/644/399 55/643/400 109/647/401 108/648/402
f 551/651/403 552/652/404 109/647/405 55/643/406
f 228/685/407 229/684/408 262/695/409 263/696/410
f 594/723/411 595/724/412 111/715/413 45/714/414
f 101/741/415 112/732/416 63/733/417 44/742/418
f 239/1306/419 240/1309/420 251/1312/421 252/1311/422
f 257/1443/423 258/1444/424 233/1445/425 234/1446/426
f 139/160/427 140/161/428 118/162/429 117/163/430
f 589/1455/431 590/1456/432 141/1451/433 115/1452/434
f 138/1465/435 583/1466/436 584/1467/437 114/1468/438
f 143/190/439 144/191/440 119/192/441 120/193/442
f 144/1471/443 540/1472/444 541/1473/445 119/1474/446
f 546/1462/447 547/1461/448 143/1463/449 120/1464/450
s 1
f 238/471/451 947/476/452 948/477/453 253/472/454
s 2
f 255/481/455 958/490/456 959/491/457 236/480/458
s 3
f 952/177/459 953/176/460 126/181/461 125/182/462
s 4
f 587/510/463 955/519/464 956/511/465 132/500/466
s 5
f 950/497/467 951/507/468 585/498/469 122/487/470
s 6
f 965/205/471 966/204/472 127/212/473 128/213/474
s 7
f 966/520/475 967/512/476 542/505/477 127/516/478
s 8
f 544/514/479 963/521/480 964/524/481 136/522/482
s off
f 256/758/483 257/759/484 234/760/485 235/761/486
f 236/480/487 237/470/488 254/473/489 255/481/490
f 588/775/491 589/776/492 115/768/493 129/769/494
f 123/488/495 586/499/496 587/510/497 132/500/498
s 9
f 126/181/499 953/176/500 954/180/501 134/187/502
s off
f 545/784/503 546/783/504 120/787/505 135/788/506
s 10
f 964/214/507 965/205/508 128/213/509 136/219/510
s off
f 128/515/511 543/504/512 544/514/513 136/522/514
f 302/1477/515 303/1478/516 304/1479/517 305/1480/518
f 306/1487/519 581/1491/520 582/1492/521 309/1488/522
f 147/164/523 148/165/524 140/161/525 139/160/526
f 591/1553/527 592/1554/528 154/1549/529 155/1552/530
f 259/1499/531 260/1500/532 231/1501/533 232/1502/534
f 548/1546/535 549/1545/536 159/1547/537 160/1548/538
f 151/194/539 152/195/540 144/191/541 143/190/542
f 310/1497/543 538/1494/544 539/1493/545 313/1498/546
f 241/1505/547 242/1506/548 249/1507/549 250/1508/550
f 34/185/551 579/179/552 580/178/553 146/186/554
f 62/168/555 63/169/556 148/165/557 147/164/558
f 593/1531/559 594/1532/560 45/1527/561 149/1528/562
f 261/1519/563 262/1520/564 229/1521/565 230/1522/566
f 550/1538/567 551/1537/568 55/1539/569 151/1540/570
f 55/198/571 54/199/572 152/195/573 151/194/574
f 54/199/575 536/208/576 537/209/577 152/195/578
f 592/791/579 593/792/580 149/793/581 154/794/582
f 141/813/583 590/814/584 591/815/585 155/816/586
f 140/161/587 148/165/588 153/170/589 156/171/590
f 260/800/591 261/799/592 230/801/593 231/802/594
f 232/823/595 233/824/596 258/822/597 259/821/598
f 549/810/599 550/809/600 151/811/601 159/812/602
f 151/194/603 143/190/604 160/202/605 159/203/606
f 143/833/607 547/832/608 548/831/609 160/834/610
f 41/551/611 165/541/612 164/540/613 38/552/614
f 105/560/615 168/548/616 165/541/617 41/551/618
f 93/574/619 170/561/620 168/548/621 105/560/622
f 81/590/623 172/576/624 170/561/625 93/574/626
f 65/606/627 173/593/628 172/576/629 81/590/630
f 320/618/631 321/610/632 173/593/633 65/606/634
f 400/1367/635 404/1360/636 405/1359/637 401/1368/638
f 72/681/639 180/692/640 336/701/641 337/691/642
f 86/672/643 181/682/644 180/692/645 72/681/646
f 98/664/647 183/673/648 181/682/649 86/672/650
f 110/657/651 185/666/652 183/673/653 98/664/654
f 46/658/655 188/665/656 185/666/657 110/657/658
f 190/1530/659 188/1529/660 46/1533/661 150/1534/662
f 192/806/663 190/805/664 150/807/665 157/808/666
f 194/1541/667 192/1542/668 157/1543/669 158/1544/670
f 142/829/671 196/828/672 194/827/673 158/830/674
f 198/1454/675 196/1453/676 142/1457/677 116/1458/678
f 200/772/679 198/771/680 116/777/681 130/778/682
s 11
f 202/495/683 961/506/684 962/513/685 131/503/686
s off
f 124/493/687 204/482/688 202/495/689 131/503/690
f 121/492/691 205/483/692 204/482/693 124/493/694
s 12
f 944/502/695 945/494/696 205/483/697 121/492/698
s off
f 137/1298/699 209/1299/700 207/1295/701 113/1294/702
f 311/1489/703 314/1486/704 315/1485/705 312/1490/706
f 33/1517/707 213/1514/708 211/1513/709 145/1518/710
f 19/655/711 215/662/712 213/663/713 33/656/714
f 214/699/715 216/698/716 20/707/717 34/708/718
f 212/1512/719 214/1511/720 34/1515/721 146/1516/722
f 317/1484/723 316/1483/724 306/1487/725 309/1488/726
f 208/1314/727 210/1315/728 138/1318/729 114/1317/730
s 13
f 206/478/731 949/486/732 950/497/733 122/487/734
s off
f 203/479/735 206/478/736 122/487/737 123/488/738
f 201/489/739 203/479/740 123/488/741 132/500/742
s 14
f 956/511/743 957/501/744 201/489/745 132/500/746
s off
f 115/768/747 197/763/748 199/762/749 129/769/750
f 141/1451/751 195/1448/752 197/1447/753 115/1452/754
f 193/819/755 195/820/756 141/813/757 155/816/758
f 154/1549/759 191/1550/760 193/1551/761 155/1552/762
f 149/793/763 189/797/764 191/798/765 154/794/766
f 45/1527/767 187/1524/768 189/1523/769 149/1528/770
f 186/706/771 187/705/772 45/714/773 111/715/774
f 184/713/775 186/706/776 111/715/777 99/722/778
f 182/721/779 184/713/780 99/722/781 87/730/782
f 179/729/783 182/721/784 87/730/785 71/738/786
f 331/744/787 332/737/788 179/729/789 71/738/790
f 407/1358/791 406/1357/792 396/1365/793 397/1366/794
f 174/583/795 325/600/796 326/614/797 66/601/798
f 171/568/799 174/583/800 66/601/801 80/584/802
f 169/555/803 171/568/804 80/584/805 92/569/806
f 167/544/807 169/555/808 92/569/809 104/556/810
f 166/533/811 167/544/812 104/556/813 42/545/814
f 163/534/815 166/533/816 42/545/817 37/546/818
f 162/547/819 163/534/820 37/546/821 18/559/822
f 275/529/823 218/526/824 217/525/825 274/530/826
f 219/531/827 218/526/828 275/529/829 276/538/830
f 220/542/831 219/531/832 276/538/833 277/549/834
f 170/561/835 172/576/836 300/562/837 277/549/838
f 172/576/839 173/593/840 299/577/841 300/562/842
f 173/593/843 321/610/844 322/594/845 299/577/846
f 405/1359/847 404/1360/848 408/1354/849 409/1353/850
f 335/710/851 336/701/852 180/692/853 296/702/854
f 180/692/855 181/682/856 295/693/857 296/702/858
f 181/682/859 183/673/860 294/683/861 295/693/862
f 183/673/863 185/666/864 293/675/865 294/683/866
f 185/666/867 188/665/868 292/674/869 293/675/870
f 291/1526/871 292/1525/872 188/1529/873 190/1530/874
f 290/804/875 291/803/876 190/805/877 192/806/878
f 289/220/879 290/221/880 192/222/881 194/223/882
f 194/827/883 196/828/884 288/826/885 289/825/886
f 287/1450/887 288/1449/888 196/1453/889 198/1454/890
f 286/765/891 287/764/892 198/771/893 200/772/894
s 15
f 285/485/895 960/496/896 961/506/897 202/495/898
s off
f 202/495/899 204/482/900 284/474/901 285/485/902
f 204/482/903 205/483/904 283/475/905 284/474/906
s 16
f 205/483/907 945/494/908 946/484/909 283/475/910
s off
f 207/1295/911 209/1299/912 281/1304/913 282/1301/914
f 315/1485/915 314/1486/916 318/1482/917 319/1481/918
f 211/1513/919 213/1514/920 279/1510/921 280/1509/922
f 213/663/923 215/662/924 278/670/925 279/671/926
f 278/1335/927 301/1336/928 244/1331/929 243/1332/930
f 301/539/931 274/530/932 217/525/933 244/537/934
f 244/1331/935 247/1328/936 248/1327/937 243/1332/938
f 17/1341/939 161/1340/940 215/1339/941 19/1342/942
f 162/547/943 246/535/944 245/528/945 163/534/946
f 247/536/947 246/535/948 162/547/949
f 248/1327/950 247/1328/951 162/1324/952 216/1323/953
f 249/690/954 248/689/955 216/698/956 214/699/957
f 250/1508/958 249/1507/959 214/1511/960 212/1512/961
f 305/1480/962 304/1479/963 316/1483/964 317/1484/965
f 252/1311/966 251/1312/967 210/1315/968 208/1314/969
s 17
f 253/472/970 948/477/971 949/486/972 206/478/973
s off
f 254/473/974 253/472/975 206/478/976 203/479/977
f 255/481/978 254/473/979 203/479/980 201/489/981
s 18
f 201/489/982 957/501/983 958/490/984 255/481/985
s off
f 199/762/986 197/763/987 257/759/988 256/758/989
f 197/1447/990 195/1448/991 258/1444/992 257/1443/993
f 259/821/994 258/822/995 195/820/996 193/819/997
f 193/224/998 191/225/999 260/226/1000 259/227/1001
f 191/798/1002 189/797/1003 261/799/1004 260/800/1005
f 189/1523/1006 187/1524/1007 262/1520/1008 261/1519/1009
f 263/696/1010 262/695/1011 187/705/1012 186/706/1013
f 264/704/1014 263/696/1015 186/706/1016 184/713/1017
f 265/712/1018 264/704/1019 184/713/1020 182/721/1021
f 266/720/1022 265/712/1023 182/721/1024 179/729/1025
f 332/737/1026 333/728/1027 266/720/1028 179/729/1029
f 395/1352/1030 394/1351/1031 406/1357/1032 407/1358/1033
f 269/567/1034 324/582/1035 325/600/1036 174/583/1037
f 270/554/1038 269/567/1039 174/583/1040 171/568/1041
f 271/543/1042 270/554/1043 171/568/1044 169/555/1045
f 272/532/1046 271/543/1047 169/555/1048 167/544/1049
f 273/527/1050 272/532/1051 167/544/1052 166/533/1053
f 245/528/1054 273/527/1055 166/533/1056 163/534/1057
f 164/540/1058 165/541/1059 275/529/1060 274/530/1061
f 165/541/1062 168/548/1063 276/538/1064 275/529/1065
f 168/548/1066 170/561/1067 277/549/1068 276/538/1069
f 279/671/1070 278/670/1071 243/679/1072 242/680/1073
f 280/1509/1074 279/1510/1075 242/1506/1076 241/1505/1077
f 319/1481/1078 318/1482/1079 303/1478/1080 302/1477/1081
f 282/1301/1082 281/1304/1083 240/1309/1084 239/1306/1085
s 19
f 283/475/1086 946/484/1087 947/476/1088 238/471/1089
s off
f 284/474/1090 283/475/1091 238/471/1092 237/470/1093
f 285/485/1094 284/474/1095 237/470/1096 236/480/1097
s 20
f 236/480/1098 959/491/1099 960/496/1100 285/485/1101
s off
f 235/761/1102 234/760/1103 287/764/1104 286/765/1105
f 234/1446/1106 233/1445/1107 288/1449/1108 287/1450/1109
f 289/825/1110 288/826/1111 233/824/1112 232/823/1113
f 232/1502/1114 231/1501/1115 290/1503/1116 289/1504/1117
f 231/802/1118 230/801/1119 291/803/1120 290/804/1121
f 230/1522/1122 229/1521/1123 292/1525/1124 291/1526/1125
f 293/675/1126 292/674/1127 229/684/1128 228/685/1129
f 294/683/1130 293/675/1131 228/685/1132 227/694/1133
f 295/693/1134 294/683/1135 227/694/1136 226/703/1137
f 296/702/1138 295/693/1139 226/703/1140 225/711/1141
f 334/719/1142 335/710/1143 296/702/1144 225/711/1145
f 409/1353/1146 408/1354/1147 393/1350/1148 392/1349/1149
f 299/577/1150 322/594/1151 323/581/1152 222/566/1153
f 300/562/1154 299/577/1155 222/566/1156 221/553/1157
f 277/549/1158 300/562/1159 221/553/1160 220/542/1161
f 215/1339/1162 161/1340/1163 301/1336/1164 278/1335/1165
f 164/540/1166 274/530/1167 301/539/1168 161/550/1169
f 164/540/1170 161/550/1171 17/563/1172 38/552/1173
f 241/835/1174 250/836/1175 304/837/1176 303/838/1177
f 251/857/1178 240/858/1179 302/859/1180 305/860/1181
f 146/843/1182 580/847/1183 581/848/1184 306/844/1185
f 147/164/1186 139/160/1187 308/172/1188 307/173/1189
f 582/871/1190 583/872/1191 138/867/1192 309/868/1193
f 152/855/1194 537/854/1195 538/853/1196 310/856/1197
f 539/874/1198 540/873/1199 144/877/1200 313/878/1201
f 144/191/1202 152/195/1203 310/200/1204 313/201/1205
f 145/849/1206 211/845/1207 314/846/1208 311/850/1209
f 209/865/1210 137/869/1211 312/870/1212 315/866/1213
f 212/839/1214 146/843/1215 306/844/1216 316/840/1217
f 138/867/1218 210/863/1219 317/864/1220 309/868/1221
f 211/845/1222 280/841/1223 318/842/1224 314/846/1225
f 281/861/1226 209/865/1227 315/866/1228 319/862/1229
f 250/836/1230 212/839/1231 316/840/1232 304/837/1233
f 210/863/1234 251/857/1235 305/860/1236 317/864/1237
f 280/841/1238 241/835/1239 303/838/1240 318/842/1241
f 240/858/1242 281/861/1243 319/862/1244 302/859/1245
f 23/627/1246 175/622/1247 321/610/1248 320/618/1249
f 322/594/1250 321/610/1251 175/622/1252 298/611/1253
f 323/581/1254 322/594/1255 298/611/1256 223/598/1257
f 324/582/1258 323/581/1259 223/598/1260 268/599/1261
f 325/600/1262 324/582/1263 268/599/1264 176/613/1265
f 326/614/1266 325/600/1267 176/613/1268 24/623/1269
f 57/631/1270 327/624/1271 326/614/1272 24/623/1273
f 328/633/1274 327/624/1275 57/631/1276 25/637/1277
f 329/139/1278 328/138/1279 25/140/1280 27/141/1281
f 64/755/1282 330/753/1283 329/756/1284 27/757/1285
f 22/748/1286 331/744/1287 599/749/1288 612/752/1289
f 178/743/1290 332/737/1291 331/744/1292 22/748/1293
f 267/736/1294 333/728/1295 332/737/1296 178/743/1297
f 224/727/1298 334/719/1299 333/728/1300 267/736/1301
f 297/718/1302 335/710/1303 334/719/1304 224/727/1305
f 177/709/1306 336/701/1307 335/710/1308 297/718/1309
f 337/691/1310 336/701/1311 177/709/1312 21/700/1313
f 29/158/1314 340/157/1315 339/156/1316 32/159/1317
f 49/638/1318 341/635/1319 340/639/1320 29/640/1321
f 526/634/1322 527/628/1323 341/635/1324 49/638/1325
f 224/12/1326 267/11/1327 344/17/1328 343/18/1329
f 268/5/1330 223/4/1331 342/19/1332 345/20/1333
f 22/8/1334 612/21/1335 64/7/1336 348/22/1337 346/23/1338
f 57/1557/1339 24/1558/1340 347/1559/1341 349/1560/1342
f 23/24/1343 526/16/1344 49/15/1345 351/25/1346 350/26/1347
f 175/2/1348 23/1/1349 350/27/1350 353/28/1351
f 178/9/1352 22/10/1353 346/29/1354 354/30/1355
f 24/1558/1356 176/1561/1357 355/1562/1358 347/1559/1359
f 177/14/1360 297/13/1361 356/32/1362 352/33/1363
f 298/3/1364 175/2/1365 353/28/1366 357/34/1367
f 267/11/1368 178/9/1369 354/30/1370 344/17/1371
f 176/6/1372 268/5/1373 345/20/1374 355/31/1375
f 297/13/1376 224/12/1377 343/18/1378 356/32/1379
f 223/4/1380 298/3/1381 357/34/1382 342/19/1383
f 343/18/1384 344/17/1385 360/35/1386 359/36/1387
f 345/20/1388 342/19/1389 358/37/1390 361/38/1391
f 350/39/1392 351/40/1393 365/41/1394 364/42/1395
f 353/43/1396 350/44/1397 364/45/1398 367/46/1399
f 354/47/1400 346/48/1401 362/49/1402 368/50/1403
f 347/51/1404 355/52/1405 369/53/1406 363/54/1407
f 352/55/1408 356/56/1409 370/57/1410 366/58/1411
f 357/59/1412 353/60/1413 367/61/1414 371/62/1415
f 344/63/1416 354/64/1417 368/65/1418 360/66/1419
f 355/67/1420 345/68/1421 361/69/1422 369/70/1423
f 356/71/1424 343/72/1425 359/73/1426 370/57/1427
f 342/74/1428 357/75/1429 371/62/1430 358/76/1431
f 49/77/1432 29/78/1433 373/79/1434 372/80/1435
f 29/81/1436 32/82/1437 373/83/1438
f 359/84/1439 360/35/1440 376/85/1441 375/86/1442
f 361/38/1443 358/37/1444 374/87/1445 377/88/1446
f 364/1563/1447 365/1564/1448 381/1565/1449 569/1566/1450 380/1567/1451
f 367/1568/1452 364/1563/1453 380/1567/1454 383/1569/1455
f 363/89/1456 369/53/1457 385/90/1458 378/91/1459
f 366/92/1460 370/93/1461 386/94/1462 382/95/1463
f 371/96/1464 367/97/1465 383/98/1466 387/99/1467
f 360/100/1468 368/101/1469 384/102/1470 376/103/1471
f 369/104/1472 361/105/1473 377/106/1474 385/107/1475
f 370/108/1476 359/109/1477 375/110/1478 386/111/1479
f 358/112/1480 371/113/1481 387/114/1482 374/115/1483
f 373/116/1484 32/117/1485 389/118/1486 388/119/1487
f 27/120/1488 25/121/1489 391/122/1490 390/123/1491
f 460/1410/1492 461/1411/1493 462/1396/1494 463/1395/1495
f 422/879/1496 414/880/1497 392/881/1498 395/882/1499
f 610/899/1500 611/900/1501 420/893/1502 397/894/1503
f 567/904/1504 568/903/1505 418/909/1506 402/910/1507
f 464/918/1508 465/919/1509 466/920/1510 467/921/1511
f 416/891/1512 417/897/1513 401/898/1514 405/892/1515
f 468/933/1516 469/934/1517 470/935/1518 471/936/1519
f 420/893/1520 421/887/1521 407/888/1522 397/894/1523
f 465/281/1524 472/280/1525 473/284/1526 466/285/1527
f 415/885/1528 416/891/1529 405/892/1530 409/886/1531
f 461/293/1532 468/292/1533 471/296/1534 462/297/1535
f 421/887/1536 422/879/1537 395/882/1538 407/888/1539
f 472/1422/1540 460/1410/1541 463/1395/1542 473/1409/1543
f 414/880/1544 415/885/1545 409/886/1546 392/881/1547
f 388/228/1548 389/229/1549 425/230/1550 426/231/1551
f 423/249/1552 424/250/1553 413/251/1554 412/252/1555
f 374/884/1556 387/889/1557 415/885/1558 414/880/1559
f 387/889/1560 383/895/1561 416/891/1562 415/885/1563
f 383/895/1564 380/901/1565 417/897/1566 416/891/1567
f 568/903/1568 569/907/1569 381/913/1570 418/909/1571
f 442/948/1572 557/949/1573 558/950/1574 443/951/1575
f 441/952/1576 444/954/1577 432/955/1578 431/953/1579
f 444/954/1580 445/956/1581 439/957/1582 432/955/1583
f 445/956/1584 446/958/1585 427/959/1586 439/957/1587
f 446/958/1588 447/960/1589 428/961/1590 427/959/1591
f 447/960/1592 448/962/1593 435/963/1594 428/961/1595
f 448/962/1596 449/964/1597 436/965/1598 435/963/1599
f 449/964/1600 600/966/1601 601/967/1602 436/965/1603
f 611/900/1604 570/902/1605 378/896/1606 420/893/1607
f 378/896/1608 385/890/1609 421/887/1610 420/893/1611
f 385/890/1612 377/883/1613 422/879/1614 421/887/1615
f 377/883/1616 374/884/1617 414/880/1618 422/879/1619
f 338/677/1620 56/687/1621 32/688/1622 339/678/1623
f 469/934/1624 605/939/1625 606/940/1626 470/935/1627
f 476/927/1628 562/925/1629 563/924/1630 477/928/1631
f 413/911/1632 424/912/1633 419/905/1634 399/906/1635
f 412/1401/1636 413/1402/1637 399/1388/1638 398/1387/1639
f 418/909/1640 381/913/1641 388/917/1642 426/915/1643
f 403/1392/1644 402/1391/1645 410/1406/1646 411/1407/1647
f 476/927/1648 478/931/1649 479/932/1650 480/929/1651
f 474/942/1652 481/945/1653 482/946/1654 475/943/1655
f 474/942/1656 483/944/1657 484/947/1658 481/945/1659
f 390/253/1660 391/254/1661 424/250/1662 423/249/1663
f 419/905/1664 424/912/1665 391/914/1666 379/908/1667
f 485/930/1668 478/931/1669 476/927/1670 477/928/1671
f 426/231/1672 425/230/1673 411/234/1674 410/235/1675
f 418/909/1676 426/915/1677 410/916/1678 402/910/1679
f 394/1351/1680 393/1350/1681 430/1355/1682 429/1356/1683
f 404/1360/1684 400/1367/1685 434/1377/1686 433/1369/1687
f 396/1365/1688 406/1357/1689 438/1364/1690 437/1374/1691
f 408/1354/1692 404/1360/1693 433/1369/1694 440/1361/1695
f 406/1357/1696 394/1351/1697 429/1356/1698 438/1364/1699
f 393/1350/1700 408/1354/1701 440/1361/1702 430/1355/1703
f 56/1570/1704 613/1571/1705 557/1572/1706 442/1573/1707
f 21/1574/1708 382/1578/1709 444/1579/1710 441/1575/1711
f 382/1578/1712 386/1582/1713 445/1583/1714 444/1579/1715
f 386/1582/1716 375/1586/1717 446/1587/1718 445/1583/1719
f 375/1586/1720 376/1592/1721 447/1593/1722 446/1587/1723
f 376/1592/1724 384/1598/1725 448/1599/1726 447/1593/1727
f 384/1598/1728 22/1604/1729 449/1605/1730 448/1599/1731
f 22/1604/1732 612/1606/1733 600/1607/1734 449/1605/1735
f 608/1386/1736 609/1375/1737 396/1365/1738 437/1374/1739
f 565/1389/1740 566/1379/1741 403/1392/1742 453/1403/1743
f 425/230/1744 389/229/1745 455/232/1746 454/233/1747
f 389/1576/1748 56/1570/1749 442/1573/1750 455/1577/1751
f 423/249/1752 412/252/1753 457/255/1754 456/256/1755
f 412/1401/1756 398/1387/1757 452/1400/1758 457/1416/1759
f 64/1608/1760 390/1610/1761 458/1611/1762 450/1609/1763
f 390/253/1764 423/249/1765 456/256/1766 458/257/1767
f 411/234/1768 425/230/1769 454/233/1770 459/238/1771
f 403/1392/1772 411/1407/1773 459/1417/1774 453/1403/1775
f 512/1628/1776 513/1629/1777 514/1630/1778 515/1631/1779
f 498/1383/1780 499/1382/1781 463/1395/1782 462/1396/1783
f 516/1634/1784 517/1635/1785 518/1636/1786 519/1637/1787
f 501/1408/1788 502/1420/1789 467/1430/1790 466/1421/1791
f 520/1638/1792 521/1639/1793 522/1640/1794 523/1641/1795
f 496/1413/1796 497/1397/1797 471/1412/1798 470/1423/1799
f 517/277/1800 524/276/1801 525/278/1802 518/279/1803
f 500/1394/1804 501/1408/1805 466/1421/1806 473/1409/1807
f 513/289/1808 520/288/1809 523/290/1810 514/291/1811
f 497/1397/1812 498/1383/1813 462/1396/1814 471/1412/1815
f 524/1632/1816 512/1628/1817 515/1631/1818 525/1633/1819
f 499/1382/1820 500/1394/1821 473/1409/1822 463/1395/1823
f 521/270/1824 603/271/1825 604/272/1826 522/273/1827
f 606/1431/1828 607/1424/1829 496/1413/1830 470/1423/1831
f 507/1590/1832 560/1602/1833 561/1603/1834 480/1596/1835
f 563/1436/1836 564/1429/1837 503/1435/1838 477/1440/1839
f 505/243/1840 506/242/1841 479/245/1842 478/246/1843
f 506/1591/1844 507/1590/1845 480/1596/1846 479/1597/1847
f 493/265/1848 494/264/1849 482/267/1850 481/268/1851
f 494/1438/1852 495/1432/1853 475/1437/1854 482/1441/1855
f 491/1617/1856 492/1616/1857 484/1620/1858 483/1621/1859
f 492/266/1860 493/265/1861 481/268/1862 484/269/1863
f 504/247/1864 505/243/1865 478/246/1866 485/248/1867
f 503/1435/1868 504/1439/1869 485/1442/1870 477/1440/1871
f 686/1642/1872 687/1643/1873 688/1644/1874 689/1645/1875
s 21
f 615/1648/1876 616/1649/1877 661/1650/1878 662/1651/1879
s off
f 674/1626/1880 675/1622/1881 676/1623/1882 677/1627/1883
f 675/1622/1884 678/1619/1885 679/1618/1886 676/1623/1887
s 22
f 620/1613/1888 621/1612/1889 656/1614/1890 657/1615/1891
s 23
f 621/260/1892 622/259/1893 655/262/1894 656/263/1895
s 24
f 622/259/1896 623/258/1897 654/261/1898 655/262/1899
s 25
f 623/1426/1900 624/1415/1901 653/1425/1902 654/1433/1903
s 26
f 651/1398/1904 652/1414/1905 625/1399/1906 626/1385/1907
s 27
f 626/1385/1908 627/1373/1909 650/1384/1910 651/1398/1911
s 28
f 627/1373/1912 628/1363/1913 649/1372/1914 650/1384/1915
s 29
f 628/1363/1916 629/1362/1917 648/1371/1918 649/1372/1919
s 30
f 629/1362/1920 630/1370/1921 647/1381/1922 648/1371/1923
s 31
f 630/1370/1924 631/1380/1925 646/1393/1926 647/1381/1927
s 32
f 631/1380/1928 632/1390/1929 645/1405/1930 646/1393/1931
s 33
f 673/1428/1932 644/1419/1933 633/1404/1934 634/1418/1935
s 34
f 634/1418/1936 635/1427/1937 672/1434/1938 673/1428/1939
s 35
f 635/241/1940 636/237/1941 671/240/1942 672/244/1943
s 36
f 636/237/1944 637/236/1945 670/239/1946 671/240/1947
s 37
f 637/1581/1948 638/1580/1949 669/1584/1950 670/1585/1951
s off
f 638/1580/1952 680/1588/1953 681/1589/1954 669/1584/1955
f 682/1595/1956 683/1600/1957 684/1601/1958 685/1594/1959
s 38
f 642/1675/1960 643/1667/1961 664/1670/1962 665/1678/1963
s off
f 690/1646/1964 686/1642/1965 689/1645/1966 691/1647/1967
f 486/970/1968 487/971/1969 513/972/1970 512/973/1971
f 461/976/1972 460/977/1973 515/978/1974 514/979/1975
f 509/982/1976 510/983/1977 517/984/1978 516/985/1979
f 465/919/1980 464/918/1981 519/922/1982 518/923/1983
f 488/990/1984 489/991/1985 521/992/1986 520/993/1987
f 469/934/1988 468/933/1989 523/937/1990 522/938/1991
f 510/274/1992 511/275/1993 524/276/1994 517/277/1995
f 472/280/1996 465/281/1997 518/282/1998 525/283/1999
f 487/286/2000 488/287/2001 520/288/2002 513/289/2003
f 468/292/2004 461/293/2005 514/294/2006 523/295/2007
f 511/974/2008 486/970/2009 512/973/2010 524/975/2011
f 460/977/2012 472/980/2013 525/981/2014 515/978/2015
f 489/991/2016 602/994/2017 603/995/2018 521/992/2019
f 604/941/2020 605/939/2021 469/934/2022 522/938/2023
f 508/988/2024 559/987/2025 560/986/2026 507/989/2027
f 561/926/2028 562/925/2029 476/927/2030 480/929/2031
f 23/627/2032 320/618/2033 527/628/2034 526/634/2035
f 528/619/2036 527/628/2037 320/618/2038 65/606/2039
f 529/607/2040 528/619/2041 65/606/2042 81/590/2043
f 530/591/2044 529/607/2045 81/590/2046 93/574/2047
f 531/575/2048 530/591/2049 93/574/2050 105/560/2051
f 532/565/2052 531/575/2053 105/560/2054 41/551/2055
f 533/564/2056 532/565/2057 41/551/2058 38/552/2059
f 534/578/2060 533/564/2061 38/552/2062 17/563/2063
f 17/1341/2064 19/1342/2065 535/1343/2066 534/1344/2067
f 19/655/2068 33/656/2069 536/650/2070 535/649/2071
f 537/209/2072 536/208/2073 33/215/2074 145/216/2075
f 538/853/2076 537/854/2077 145/849/2078 311/850/2079
f 539/1493/2080 538/1494/2081 311/1489/2082 312/1490/2083
f 137/869/2084 540/873/2085 539/874/2086 312/870/2087
f 541/1473/2088 540/1472/2089 137/1475/2090 113/1476/2091
s 39
f 542/505/2092 967/512/2093 944/502/2094 121/492/2095
s off
f 543/504/2096 542/505/2097 121/492/2098 124/493/2099
f 544/514/2100 543/504/2101 124/493/2102 131/503/2103
s 40
f 962/513/2104 963/521/2105 544/514/2106 131/503/2107
s off
f 116/777/2108 546/783/2109 545/784/2110 130/778/2111
f 142/1457/2112 547/1461/2113 546/1462/2114 116/1458/2115
f 548/831/2116 547/832/2117 142/829/2118 158/830/2119
f 157/1543/2120 549/1545/2121 548/1546/2122 158/1544/2123
f 150/807/2124 550/809/2125 549/810/2126 157/808/2127
f 46/1533/2128 551/1537/2129 550/1538/2130 150/1534/2131
f 110/657/2132 552/652/2133 551/651/2134 46/658/2135
f 98/664/2136 553/659/2137 552/652/2138 110/657/2139
f 86/672/2140 554/667/2141 553/659/2142 98/664/2143
f 72/681/2144 555/676/2145 554/667/2146 86/672/2147
f 337/691/2148 556/686/2149 555/676/2150 72/681/2151
f 558/950/2152 557/949/2153 441/952/2154 431/953/2155
f 685/1594/2156 681/1589/2157 680/1588/2158 682/1595/2159
f 560/986/2160 559/987/2161 509/982/2162 516/985/2163
f 561/298/2164 560/299/2165 516/300/2166 519/301/2167
f 464/918/2168 562/925/2169 561/926/2170 519/922/2171
f 563/924/2172 562/925/2173 464/918/2174 467/921/2175
f 502/1420/2176 564/1429/2177 563/1436/2178 467/1430/2179
s 41
f 632/1390/2180 633/1404/2181 644/1419/2182 645/1405/2183
s off
f 400/1367/2184 566/1379/2185 565/1389/2186 434/1377/2187
f 400/1367/2188 401/1368/2189 567/1378/2190 566/1379/2191
f 417/897/2192 568/903/2193 567/904/2194 401/898/2195
f 380/901/2196 569/907/2197 568/903/2198 417/897/2199
f 572/602/2200 571/615/2201 67/625/2202 79/616/2203
f 573/585/2204 572/602/2205 79/616/2206 91/603/2207
f 574/570/2208 573/585/2209 91/603/2210 103/586/2211
f 575/557/2212 574/570/2213 103/586/2214 58/571/2215
f 58/571/2216 59/572/2217 576/558/2218 575/557/2219
f 577/573/2220 576/558/2221 59/572/2222 60/589/2223
f 578/1330/2224 577/1329/2225 60/1333/2226 61/1334/2227
f 61/725/2228 62/726/2229 579/717/2230 578/716/2231
f 580/178/2232 579/179/2233 62/168/2234 147/164/2235
f 581/848/2236 580/847/2237 147/851/2238 307/852/2239
f 582/1492/2240 581/1491/2241 307/1495/2242 308/1496/2243
f 139/875/2244 583/872/2245 582/871/2246 308/876/2247
f 584/1467/2248 583/1466/2249 139/1469/2250 117/1470/2251
s 42
f 585/498/2252 951/507/2253 952/517/2254 125/508/2255
s off
f 125/508/2256 126/509/2257 586/499/2258 585/498/2259
f 587/510/2260 586/499/2261 126/509/2262 134/518/2263
s 43
f 954/523/2264 955/519/2265 587/510/2266 134/518/2267
s off
f 118/781/2268 589/776/2269 588/775/2270 133/782/2271
f 140/1459/2272 590/1456/2273 589/1455/2274 118/1460/2275
f 591/815/2276 590/814/2277 140/817/2278 156/818/2279
f 153/1555/2280 592/1554/2281 591/1553/2282 156/1556/2283
f 148/795/2284 593/792/2285 592/791/2286 153/796/2287
f 63/1535/2288 594/1532/2289 593/1531/2290 148/1536/2291
f 112/732/2292 595/724/2293 594/723/2294 63/733/2295
f 100/740/2296 596/731/2297 595/724/2298 112/732/2299
f 88/746/2300 597/739/2301 596/731/2302 100/740/2303
f 70/750/2304 598/745/2305 597/739/2306 88/746/2307
f 330/753/2308 599/749/2309 598/745/2310 70/750/2311
f 601/967/2312 600/966/2313 450/968/2314 451/969/2315
f 657/1615/2316 679/1618/2317 678/1619/2318 620/1613/2319
f 603/995/2320 602/994/2321 490/996/2322 491/997/2323
f 604/1624/2324 603/1625/2325 491/1617/2326 483/1621/2327
f 474/942/2328 605/939/2329 604/941/2330 483/944/2331
f 606/940/2332 605/939/2333 474/942/2334 475/943/2335
f 495/1432/2336 607/1424/2337 606/1431/2338 475/1437/2339
s 44
f 624/1415/2340 625/1399/2341 652/1414/2342 653/1425/2343
s off
f 398/1387/2344 609/1375/2345 608/1386/2346 452/1400/2347
f 610/1376/2348 609/1375/2349 398/1387/2350 399/1388/2351
f 419/905/2352 611/900/2353 610/899/2354 399/906/2355
f 379/908/2356 570/902/2357 611/900/2358 419/905/2359
f 612/752/2360 599/749/2361 330/753/2362 64/755/2363
f 600/1607/2364 612/1606/2365 64/1608/2366 450/1609/2367
f 338/677/2368 556/686/2369 613/697/2370 56/687/2371
f 21/700/2372 613/697/2373 556/686/2374 337/691/2375
f 557/1572/2376 613/1571/2377 21/1574/2378 441/1575/2379
f 427/1658/2380 428/1652/2381 615/1648/2382 614/1659/2383
s 21
f 428/1652/2384 435/1653/2385 616/1649/1877 615/1648/1876
s off
f 435/1653/2386 436/1656/2387 617/1657/2388 616/1649/2389
f 436/1656/2390 601/1664/2391 618/1665/2392 617/1657/2393
f 619/1672/2394 618/1665/2395 601/1664/2396 451/1673/2397
f 451/302/2398 450/303/2399 620/304/2400 619/305/2401
s 22
f 450/1609/2402 458/1611/2403 621/1612/1889 620/1613/1888
s 23
f 458/257/2404 456/256/2405 622/259/1893 621/260/1892
s 24
f 456/256/2406 457/255/2407 623/258/1897 622/259/1896
s 25
f 457/1416/2408 452/1400/2409 624/1415/1901 623/1426/1900
s 44
f 452/1400/2410 608/1386/2411 625/1399/2341 624/1415/2340
s 26
f 626/1385/1907 625/1399/1906 608/1386/2412 437/1374/2413
s 27
f 437/1374/2414 438/1364/2415 627/1373/1909 626/1385/1908
s 28
f 438/1364/2416 429/1356/2417 628/1363/1913 627/1373/1912
s 29
f 429/1356/2418 430/1355/2419 629/1362/1917 628/1363/1916
s 30
f 430/1355/2420 440/1361/2421 630/1370/1921 629/1362/1920
s 31
f 440/1361/2422 433/1369/2423 631/1380/1925 630/1370/1924
s 32
f 433/1369/2424 434/1377/2425 632/1390/1929 631/1380/1928
s 41
f 434/1377/2426 565/1389/2427 633/1404/2181 632/1390/2180
s 33
f 634/1418/1935 633/1404/1934 565/1389/2428 453/1403/2429
s 34
f 453/1403/2430 459/1417/2431 635/1427/1937 634/1418/1936
s 35
f 459/238/2432 454/233/2433 636/237/1941 635/241/1940
s 36
f 454/233/2434 455/232/2435 637/236/1945 636/237/1944
s 37
f 455/1577/2436 442/1573/2437 638/1580/1949 637/1581/1948
s off
f 442/306/2438 443/307/2439 639/308/2440 638/309/2441
f 443/1688/2442 558/1685/2443 640/1684/2444 639/1689/2445
f 641/1681/2446 640/1684/2447 558/1685/2448 431/1680/2449
f 431/1680/2450 432/1674/2451 642/1675/2452 641/1681/2453
s 38
f 432/1674/2454 439/1666/2455 643/1667/1961 642/1675/1960
s off
f 439/1666/2456 427/1658/2457 614/1659/2458 643/1667/2459
s 41
f 645/1405/2183 644/1419/2182 564/1429/2460 502/1420/2461
s 32
f 646/1393/1931 645/1405/1930 502/1420/2462 501/1408/2463
s 31
f 647/1381/1927 646/1393/1926 501/1408/2464 500/1394/2465
s 30
f 648/1371/1923 647/1381/1922 500/1394/2466 499/1382/2467
s 29
f 649/1372/1919 648/1371/1918 499/1382/2468 498/1383/2469
s 28
f 650/1384/1915 649/1372/1914 498/1383/2470 497/1397/2471
s 27
f 651/1398/1911 650/1384/1910 497/1397/2472 496/1413/2473
s 26
f 607/1424/2474 652/1414/1905 651/1398/1904 496/1413/2475
s 44
f 653/1425/2343 652/1414/2342 607/1424/2476 495/1432/2477
s 25
f 654/1433/1903 653/1425/1902 495/1432/2478 494/1438/2479
s 24
f 655/262/1899 654/261/1898 494/264/2480 493/265/2481
s 23
f 656/263/1895 655/262/1894 493/265/2482 492/266/2483
s 22
f 657/1615/1891 656/1614/1890 492/1616/2484 491/1617/2485
s off
f 658/310/2486 657/311/2487 491/312/2488 490/313/2489
f 602/1669/2490 659/1668/2491 658/1676/2492 490/1677/2493
f 660/1660/2494 659/1668/2495 602/1669/2496 489/1661/2497
f 661/1650/2498 660/1660/2499 489/1661/2500 488/1654/2501
s 21
f 662/1651/1879 661/1650/1878 488/1654/2502 487/1655/2503
s off
f 663/1662/2504 662/1651/2505 487/1655/2506 486/1663/2507
f 664/1670/2508 663/1662/2509 486/1663/2510 511/1671/2511
s 38
f 665/1678/1963 664/1670/1962 511/1671/2512 510/1679/2513
s off
f 666/1682/2514 665/1678/2515 510/1679/2516 509/1683/2517
f 559/1686/2518 667/1687/2519 666/1682/2520 509/1683/2521
f 668/1690/2522 667/1687/2523 559/1686/2524 508/1691/2525
f 669/314/2526 668/315/2527 508/316/2528 507/317/2529
s 37
f 670/1585/1951 669/1584/1950 507/1590/2530 506/1591/2531
s 36
f 671/240/1947 670/239/1946 506/242/2532 505/243/2533
s 35
f 672/244/1943 671/240/1942 505/243/2534 504/247/2535
s 34
f 673/1428/1939 672/1434/1938 504/1439/2536 503/1435/2537
s 33
f 564/1429/2538 644/1419/1933 673/1428/1932 503/1435/2539
s 45
f 616/998/2540 617/999/2541 675/1000/2542 674/1001/2543
s 46
f 660/1006/2544 661/1007/2545 677/1008/2546 676/1009/2547
s off
f 661/318/2548 616/319/2549 674/320/2550 677/321/2551
s 45
f 617/999/2541 618/1002/2552 678/1003/2553 675/1000/2542
s 46
f 659/1010/2554 660/1006/2544 676/1009/2547 679/1011/2555
f 658/1012/2556 659/1010/2554 679/1011/2555 657/1013/2557
s 45
f 618/1002/2552 619/1004/2558 620/1005/2559 678/1003/2553
s 47
f 639/1014/2560 640/1015/2561 680/1016/2562 638/1017/2563
s 48
f 667/1022/2564 668/1023/2565 669/1024/2566 681/1025/2567
s 47
f 641/1018/2568 642/1020/2569 683/1021/2570 682/1019/2571
s off
f 642/322/2572 665/323/2573 684/324/2574 683/325/2575
s 48
f 665/1028/2576 666/1026/2577 685/1027/2578 684/1029/2579
f 666/1026/2577 667/1022/2564 681/1025/2567 685/1027/2578
s 47
f 640/1015/2561 641/1018/2568 682/1019/2571 680/1016/2562
s 49
f 614/1030/2580 615/1031/2581 687/1032/2582 686/1033/2583
s off
f 615/326/2584 662/327/2585 688/328/2586 687/329/2587
s 50
f 662/1036/2588 663/1037/2589 689/1038/2590 688/1039/2591
s 49
f 643/1034/2592 614/1030/2580 686/1033/2583 690/1035/2593
s 50
f 663/1037/2589 664/1040/2594 691/1041/2595 689/1038/2590
s off
f 664/330/2596 643/331/2597 690/332/2598 691/333/2599
s 51
f 692/334/2600 693/335/2601 713/336/2602 712/337/2603
f 693/335/2601 694/338/2604 714/339/2605 713/336/2602
f 694/1692/2604 695/1693/2606 715/1694/2607 714/1695/2605
f 695/1693/2606 696/1696/2608 716/1697/2609 715/1694/2607
f 696/1696/2608 697/1698/2610 717/1699/2611 716/1697/2609
f 697/1698/2610 698/1700/2612 718/1701/2613 717/1699/2611
f 698/354/2612 699/348/2614 719/351/2615 718/355/2613
f 699/348/2614 700/349/2616 720/350/2617 719/351/2615
f 700/349/2616 701/352/2618 721/353/2619 720/350/2617
f 701/352/2618 702/356/2620 722/357/2621 721/353/2619
f 702/356/2620 703/358/2622 723/359/2623 722/357/2621
f 703/358/2622 704/360/2624 724/361/2625 723/359/2623
f 704/1702/2624 705/1703/2626 725/1704/2627 724/1705/2625
f 705/1703/2626 706/1706/2628 726/1707/2629 725/1704/2627
f 706/1706/2628 707/1708/2630 727/1709/2631 726/1707/2629
f 707/1708/2630 708/1710/2632 728/1711/2633 727/1709/2631
f 708/346/2632 709/344/2634 729/345/2635 728/347/2633
f 709/344/2634 710/342/2636 730/343/2637 729/345/2635
f 710/342/2636 711/340/2638 731/341/2639 730/343/2637
f 711/340/2638 692/334/2600 712/337/2603 731/341/2639
s 52
f 693/1042/2640 692/1043/2641 732/1044/2642
f 694/1046/2643 693/1042/2640 732/1044/2642
f 695/1048/2644 694/1046/2643 732/1044/2642
f 696/1050/2645 695/1048/2644 732/1044/2642
f 697/1052/2646 696/1050/2645 732/1044/2642
f 698/1054/2647 697/1052/2646 732/1044/2642
f 699/1056/2648 698/1054/2647 732/1044/2642
f 700/1058/2649 699/1056/2648 732/1044/2642
f 701/1060/2650 700/1058/2649 732/1044/2642
f 702/1062/2651 701/1060/2650 732/1044/2642
f 703/1061/2652 702/1062/2651 732/1044/2642
f 704/1059/2653 703/1061/2652 732/1044/2642
f 705/1057/2654 704/1059/2653 732/1044/2642
f 706/1055/2655 705/1057/2654 732/1044/2642
f 707/1053/2656 706/1055/2655 732/1044/2642
f 708/1051/2657 707/1053/2656 732/1044/2642
f 709/1049/2658 708/1051/2657 732/1044/2642
f 710/1047/2659 709/1049/2658 732/1044/2642
f 711/1045/2660 710/1047/2659 732/1044/2642
f 692/1043/2641 711/1045/2660 732/1044/2642
s 53
f 712/1063/2661 713/1064/2662 733/1065/2663
f 713/1064/2662 714/1066/2664 733/1065/2663
f 714/1066/2664 715/1068/2665 733/1065/2663
f 715/1068/2665 716/1070/2666 733/1065/2663
f 716/1070/2666 717/1072/2667 733/1065/2663
f 717/1072/2667 718/1074/2668 733/1065/2663
f 718/1074/2668 719/1076/2669 733/1065/2663
f 719/1076/2669 720/1078/2670 733/1065/2663
f 720/1078/2670 721/1080/2671 733/1065/2663
f 721/1080/2671 722/1082/2672 733/1065/2663
f 722/1082/2672 723/1083/2673 733/1065/2663
f 723/1083/2673 724/1081/2674 733/1065/2663
f 724/1081/2674 725/1079/2675 733/1065/2663
f 725/1079/2675 726/1077/2676 733/1065/2663
f 726/1077/2676 727/1075/2677 733/1065/2663
f 727/1075/2677 728/1073/2678 733/1065/2663
f 728/1073/2678 729/1071/2679 733/1065/2663
f 729/1071/2679 730/1069/2680 733/1065/2663
f 730/1069/2680 731/1067/2681 733/1065/2663
f 731/1067/2681 712/1063/2661 733/1065/2663
s 54
f 734/362/2682 735/363/2683 755/364/2684 754/365/2685
f 735/363/2683 736/366/2686 756/367/2687 755/364/2684
f 736/1712/2686 737/1713/2688 757/1714/2689 756/1715/2687
f 737/1713/2688 738/1716/2690 758/1717/2691 757/1714/2689
f 738/1716/2690 739/1718/2692 759/1719/2693 758/1717/2691
f 739/1718/2692 740/1720/2694 760/1721/2695 759/1719/2693
f 740/382/2694 741/376/2696 761/379/2697 760/383/2695
f 741/376/2696 742/377/2698 762/378/2699 761/379/2697
f 742/377/2698 743/380/2700 763/381/2701 762/378/2699
f 743/380/2700 744/384/2702 764/385/2703 763/381/2701
f 744/384/2702 745/386/2704 765/387/2705 764/385/2703
f 745/386/2704 746/388/2706 766/389/2707 765/387/2705
f 746/1722/2706 747/1723/2708 767/1724/2709 766/1725/2707
f 747/1723/2708 748/1726/2710 768/1727/2711 767/1724/2709
f 748/1726/2710 749/1728/2712 769/1729/2713 768/1727/2711
f 749/1728/2712 750/1730/2714 770/1731/2715 769/1729/2713
f 750/374/2714 751/372/2716 771/373/2717 770/375/2715
f 751/372/2716 752/370/2718 772/371/2719 771/373/2717
f 752/370/2718 753/368/2720 773/369/2721 772/371/2719
f 753/368/2720 734/362/2682 754/365/2685 773/369/2721
s 55
f 735/1084/2722 734/1085/2723 774/1086/2724
f 736/1088/2725 735/1084/2722 774/1086/2724
f 737/1090/2726 736/1088/2725 774/1086/2724
f 738/1092/2727 737/1090/2726 774/1086/2724
f 739/1094/2728 738/1092/2727 774/1086/2724
f 740/1096/2729 739/1094/2728 774/1086/2724
f 741/1098/2730 740/1096/2729 774/1086/2724
f 742/1100/2731 741/1098/2730 774/1086/2724
f 743/1102/2732 742/1100/2731 774/1086/2724
f 744/1104/2733 743/1102/2732 774/1086/2724
f 745/1103/2734 744/1104/2733 774/1086/2724
f 746/1101/2735 745/1103/2734 774/1086/2724
f 747/1099/2736 746/1101/2735 774/1086/2724
f 748/1097/2737 747/1099/2736 774/1086/2724
f 749/1095/2738 748/1097/2737 774/1086/2724
f 750/1093/2739 749/1095/2738 774/1086/2724
f 751/1091/2740 750/1093/2739 774/1086/2724
f 752/1089/2741 751/1091/2740 774/1086/2724
f 753/1087/2742 752/1089/2741 774/1086/2724
f 734/1085/2723 753/1087/2742 774/1086/2724
s 56
f 754/1105/2743 755/1106/2744 775/1107/2745
f 755/1106/2744 756/1108/2746 775/1107/2745
f 756/1108/2746 757/1110/2747 775/1107/2745
f 757/1110/2747 758/1112/2748 775/1107/2745
f 758/1112/2748 759/1114/2749 775/1107/2745
f 759/1114/2749 760/1116/2750 775/1107/2745
f 760/1116/2750 761/1118/2751 775/1107/2745
f 761/1118/2751 762/1120/2752 775/1107/2745
f 762/1120/2752 763/1122/2753 775/1107/2745
f 763/1122/2753 764/1124/2754 775/1107/2745
f 764/1124/2754 765/1125/2755 775/1107/2745
f 765/1125/2755 766/1123/2756 775/1107/2745
f 766/1123/2756 767/1121/2757 775/1107/2745
f 767/1121/2757 768/1119/2758 775/1107/2745
f 768/1119/2758 769/1117/2759 775/1107/2745
f 769/1117/2759 770/1115/2760 775/1107/2745
f 770/1115/2760 771/1113/2761 775/1107/2745
f 771/1113/2761 772/1111/2762 775/1107/2745
f 772/1111/2762 773/1109/2763 775/1107/2745
f 773/1109/2763 754/1105/2743 775/1107/2745
s 57
f 795/1732/2764 792/1733/2765 777/1734/2766 779/1735/2767
s 58
f 794/1126/2768 795/1127/2769 779/1128/2770 781/1129/2771
s 59
f 793/1774/2772 794/1775/2773 781/1776/2774 783/1777/2775
s 60
f 792/1168/2776 793/1169/2777 783/1170/2778 777/1171/2779
s off
f 777/390/2780 783/391/2781 781/392/2782 779/393/2783
f 782/394/2784 776/395/2785 778/396/2786 780/397/2787
s 60
f 788/1206/2788 789/1207/2789 799/1205/2790 796/1204/2791
s 59
f 789/1812/2792 790/1813/2793 798/1811/2794 799/1810/2795
s 58
f 790/1164/2796 791/1165/2797 797/1163/2798 798/1162/2799
s 57
f 791/1770/2800 788/1771/2801 796/1769/2802 797/1768/2803
s 60
f 782/1208/2804 789/1207/2789 788/1206/2788 776/1209/2805
s 59
f 780/1814/2806 790/1813/2793 789/1812/2792 782/1815/2807
s 58
f 778/1166/2808 791/1165/2797 790/1164/2796 780/1167/2809
s 57
f 776/1772/2810 788/1771/2801 791/1770/2800 778/1773/2811
s 60
f 995/1919/2812 996/1920/2813 785/1189/2814 859/1187/2815
s 59
f 785/1794/2816 786/1795/2817 858/1793/2818 859/1792/2819
s 58
f 786/1146/2820 1008/1932/2821 1009/1933/2822 858/1144/2823
s 57
f 787/1752/2824 784/1753/2825 856/1751/2826 857/1750/2827
f 797/1768/2803 796/1769/2802 804/1767/2828 805/1766/2829
s 58
f 798/1162/2799 797/1163/2798 805/1161/2830 806/1160/2831
s 59
f 799/1810/2795 798/1811/2794 806/1809/2832 807/1808/2833
s 60
f 796/1204/2791 799/1205/2790 807/1203/2834 804/1202/2835
s 57
f 801/1736/2836 800/1737/2837 792/1733/2765 795/1732/2764
s 58
f 802/1130/2838 801/1131/2839 795/1127/2769 794/1126/2768
s 59
f 803/1778/2840 802/1779/2841 794/1775/2773 793/1774/2772
s 60
f 800/1172/2842 803/1173/2843 793/1169/2777 792/1168/2776
s 57
f 805/1766/2829 804/1767/2828 812/1765/2844 813/1764/2845
s 58
f 806/1160/2831 805/1161/2830 813/1159/2846 814/1158/2847
s 59
f 807/1808/2833 806/1809/2832 814/1807/2848 815/1806/2849
s 60
f 804/1202/2835 807/1203/2834 815/1201/2850 812/1200/2851
s 57
f 809/1738/2852 808/1739/2853 800/1737/2837 801/1736/2836
s 58
f 810/1132/2854 809/1133/2855 801/1131/2839 802/1130/2838
s 59
f 811/1780/2856 810/1781/2857 802/1779/2841 803/1778/2840
s 60
f 808/1174/2858 811/1175/2859 803/1173/2843 800/1172/2842
s 57
f 813/1764/2845 812/1765/2844 820/1763/2860 821/1762/2861
s 58
f 814/1158/2847 813/1159/2846 821/1157/2862 822/1156/2863
s 59
f 815/1806/2849 814/1807/2848 822/1805/2864 823/1804/2865
s 60
f 812/1200/2851 815/1201/2850 823/1199/2866 820/1198/2867
s 57
f 817/1740/2868 816/1741/2869 808/1739/2853 809/1738/2852
s 58
f 818/1134/2870 817/1135/2871 809/1133/2855 810/1132/2854
s 59
f 819/1782/2872 818/1783/2873 810/1781/2857 811/1780/2856
s 60
f 816/1176/2874 819/1177/2875 811/1175/2859 808/1174/2858
s 57
f 821/1762/2861 820/1763/2860 828/1761/2876 829/1760/2877
s 58
f 822/1156/2863 821/1157/2862 829/1155/2878 830/1154/2879
s 59
f 823/1804/2865 822/1805/2864 830/1803/2880 831/1802/2881
s 60
f 820/1198/2867 823/1199/2866 831/1197/2882 828/1196/2883
s 57
f 825/1742/2884 824/1743/2885 816/1741/2869 817/1740/2868
s 58
f 826/1136/2886 825/1137/2887 817/1135/2871 818/1134/2870
s 59
f 827/1784/2888 826/1785/2889 818/1783/2873 819/1782/2872
s 60
f 824/1178/2890 827/1179/2891 819/1177/2875 816/1176/2874
s 57
f 829/1760/2877 828/1761/2876 836/1759/2892 837/1758/2893
s 58
f 830/1154/2879 829/1155/2878 837/1153/2894 838/1152/2895
s 59
f 831/1802/2881 830/1803/2880 838/1801/2896 839/1800/2897
s 60
f 828/1196/2883 831/1197/2882 839/1195/2898 836/1194/2899
s 57
f 833/1744/2900 832/1745/2901 824/1743/2885 825/1742/2884
s 58
f 834/1138/2902 833/1139/2903 825/1137/2887 826/1136/2886
s 59
f 835/1786/2904 834/1787/2905 826/1785/2889 827/1784/2888
s 60
f 832/1180/2906 835/1181/2907 827/1179/2891 824/1178/2890
s 57
f 837/1758/2893 836/1759/2892 844/1757/2908 845/1756/2909
s 58
f 838/1152/2895 837/1153/2894 845/1151/2910 846/1150/2911
s 59
f 839/1800/2897 838/1801/2896 846/1799/2912 847/1798/2913
s 60
f 836/1194/2899 839/1195/2898 847/1193/2914 844/1192/2915
s 57
f 841/1746/2916 840/1747/2917 832/1745/2901 833/1744/2900
s 58
f 842/1140/2918 841/1141/2919 833/1139/2903 834/1138/2902
s 59
f 843/1788/2920 842/1789/2921 834/1787/2905 835/1786/2904
s 60
f 840/1182/2922 843/1183/2923 835/1181/2907 832/1180/2906
s 57
f 845/1756/2909 844/1757/2908 852/1755/2924 853/1754/2925
s 58
f 1004/1928/2926 845/1151/2910 853/1149/2927
s 59
f 847/1798/2913 846/1799/2912 854/1797/2928 855/1796/2929
s 60
f 997/1921/2930 847/1193/2914 855/1191/2931
s 57
f 849/1748/2932 848/1749/2933 840/1747/2917 841/1746/2916
s 58
f 850/1142/2934 849/1143/2935 841/1141/2919 842/1140/2918
s 59
f 851/1790/2936 850/1791/2937 842/1789/2921 843/1788/2920
s 60
f 848/1184/2938 851/1185/2939 843/1183/2923 840/1182/2922
s 57
f 853/1754/2925 852/1755/2924 784/1753/2825 787/1752/2824
s 58
f 854/1148/2940 1007/1931/2941 1008/1932/2821 786/1146/2820
s 59
f 855/1796/2929 854/1797/2928 786/1795/2817 785/1794/2816
s 60
f 996/1920/2813 997/1921/2930 855/1191/2931 785/1189/2814
s 57
f 857/1750/2827 856/1751/2826 848/1749/2933 849/1748/2932
s 58
f 858/1144/2823 1009/1933/2822 850/1142/2934
s 59
f 859/1792/2819 858/1793/2818 850/1791/2937 851/1790/2936
s 60
f 856/1186/2942 992/1916/2943 848/1184/2938
s 70
f 860/398/2944 861/399/2945 881/400/2946 880/401/2947
f 861/399/2945 862/402/2948 882/403/2949 881/400/2946
f 862/1816/2948 863/1817/2950 883/1818/2951 882/1819/2949
f 863/1817/2950 864/1820/2952 884/1821/2953 883/1818/2951
f 864/1820/2952 865/1822/2954 885/1823/2955 884/1821/2953
f 865/1822/2954 866/1824/2956 886/1825/2957 885/1823/2955
f 866/418/2956 867/412/2958 887/415/2959 886/419/2957
f 867/412/2958 868/413/2960 888/414/2961 887/415/2959
f 868/413/2960 869/416/2962 889/417/2963 888/414/2961
f 869/416/2962 870/420/2964 890/421/2965 889/417/2963
f 870/420/2964 871/422/2966 891/423/2967 890/421/2965
f 871/422/2966 872/424/2968 892/425/2969 891/423/2967
f 872/1826/2968 873/1827/2970 893/1828/2971 892/1829/2969
f 873/1827/2970 874/1830/2972 894/1831/2973 893/1828/2971
f 874/1830/2972 875/1832/2974 895/1833/2975 894/1831/2973
f 875/1832/2974 876/1834/2976 896/1835/2977 895/1833/2975
f 876/410/2976 877/408/2978 897/409/2979 896/411/2977
f 877/408/2978 878/406/2980 898/407/2981 897/409/2979
f 878/406/2980 879/404/2982 899/405/2983 898/407/2981
f 879/404/2982 860/398/2944 880/401/2947 899/405/2983
s 71
f 861/1210/2984 860/1211/2985 900/1212/2986
f 862/1214/2987 861/1210/2984 900/1212/2986
f 863/1216/2988 862/1214/2987 900/1212/2986
f 864/1218/2989 863/1216/2988 900/1212/2986
f 865/1220/2990 864/1218/2989 900/1212/2986
f 866/1222/2991 865/1220/2990 900/1212/2986
f 867/1224/2992 866/1222/2991 900/1212/2986
f 868/1226/2993 867/1224/2992 900/1212/2986
f 869/1228/2994 868/1226/2993 900/1212/2986
f 870/1230/2995 869/1228/2994 900/1212/2986
f 871/1229/2996 870/1230/2995 900/1212/2986
f 872/1227/2997 871/1229/2996 900/1212/2986
f 873/1225/2998 872/1227/2997 900/1212/2986
f 874/1223/2999 873/1225/2998 900/1212/2986
f 875/1221/3000 874/1223/2999 900/1212/2986
f 876/1219/3001 875/1221/3000 900/1212/2986
f 877/1217/3002 876/1219/3001 900/1212/2986
f 878/1215/3003 877/1217/3002 900/1212/2986
f 879/1213/3004 878/1215/3003 900/1212/2986
f 860/1211/2985 879/1213/3004 900/1212/2986
s 72
f 880/1231/3005 881/1232/3006 901/1233/3007
f 881/1232/3006 882/1234/3008 901/1233/3007
f 882/1234/3008 883/1236/3009 901/1233/3007
f 883/1236/3009 884/1238/3010 901/1233/3007
f 884/1238/3010 885/1240/3011 901/1233/3007
f 885/1240/3011 886/1242/3012 901/1233/3007
f 886/1242/3012 887/1244/3013 901/1233/3007
f 887/1244/3013 888/1246/3014 901/1233/3007
f 888/1246/3014 889/1248/3015 901/1233/3007
f 889/1248/3015 890/1250/3016 901/1233/3007
f 890/1250/3016 891/1251/3017 901/1233/3007
f 891/1251/3017 892/1249/3018 901/1233/3007
f 892/1249/3018 893/1247/3019 901/1233/3007
f 893/1247/3019 894/1245/3020 901/1233/3007
f 894/1245/3020 895/1243/3021 901/1233/3007
f 895/1243/3021 896/1241/3022 901/1233/3007
f 896/1241/3022 897/1239/3023 901/1233/3007
f 897/1239/3023 898/1237/3024 901/1233/3007
f 898/1237/3024 899/1235/3025 901/1233/3007
f 899/1235/3025 880/1231/3005 901/1233/3007
s 73
f 902/426/3026 903/427/3027 923/428/3028 922/429/3029
f 903/427/3027 904/430/3030 924/431/3031 923/428/3028
f 904/1836/3030 905/1837/3032 925/1838/3033 924/1839/3031
f 905/1837/3032 906/1840/3034 926/1841/3035 925/1838/3033
f 906/1840/3034 907/1842/3036 927/1843/3037 926/1841/3035
f 907/1842/3036 908/1844/3038 928/1845/3039 927/1843/3037
f 908/446/3038 909/440/3040 929/443/3041 928/447/3039
f 909/440/3040 910/441/3042 930/442/3043 929/443/3041
f 910/441/3042 911/444/3044 931/445/3045 930/442/3043
f 911/444/3044 912/448/3046 932/449/3047 931/445/3045
f 912/448/3046 913/450/3048 933/451/3049 932/449/3047
f 913/450/3048 914/452/3050 934/453/3051 933/451/3049
f 914/1846/3050 915/1847/3052 935/1848/3053 934/1849/3051
f 915/1847/3052 916/1850/3054 936/1851/3055 935/1848/3053
f 916/1850/3054 917/1852/3056 937/1853/3057 936/1851/3055
f 917/1852/3056 918/1854/3058 938/1855/3059 937/1853/3057
f 918/438/3058 919/436/3060 939/437/3061 938/439/3059
f 919/436/3060 920/434/3062 940/435/3063 939/437/3061
f 920/434/3062 921/432/3064 941/433/3065 940/435/3063
f 921/432/3064 902/426/3026 922/429/3029 941/433/3065
s 74
f 903/1252/3066 902/1253/3067 942/1254/3068
f 904/1256/3069 903/1252/3066 942/1254/3068
f 905/1258/3070 904/1256/3069 942/1254/3068
f 906/1260/3071 905/1258/3070 942/1254/3068
f 907/1262/3072 906/1260/3071 942/1254/3068
f 908/1264/3073 907/1262/3072 942/1254/3068
f 909/1266/3074 908/1264/3073 942/1254/3068
f 910/1268/3075 909/1266/3074 942/1254/3068
f 911/1270/3076 910/1268/3075 942/1254/3068
f 912/1272/3077 911/1270/3076 942/1254/3068
f 913/1271/3078 912/1272/3077 942/1254/3068
f 914/1269/3079 913/1271/3078 942/1254/3068
f 915/1267/3080 914/1269/3079 942/1254/3068
f 916/1265/3081 915/1267/3080 942/1254/3068
f 917/1263/3082 916/1265/3081 942/1254/3068
f 918/1261/3083 917/1263/3082 942/1254/3068
f 919/1259/3084 918/1261/3083 942/1254/3068
f 920/1257/3085 919/1259/3084 942/1254/3068
f 921/1255/3086 920/1257/3085 942/1254/3068
f 902/1253/3067 921/1255/3086 942/1254/3068
s 75
f 922/1273/3087 923/1274/3088 943/1275/3089
f 923/1274/3088 924/1276/3090 943/1275/3089
f 924/1276/3090 925/1278/3091 943/1275/3089
f 925/1278/3091 926/1280/3092 943/1275/3089
f 926/1280/3092 927/1282/3093 943/1275/3089
f 927/1282/3093 928/1284/3094 943/1275/3089
f 928/1284/3094 929/1286/3095 943/1275/3089
f 929/1286/3095 930/1288/3096 943/1275/3089
f 930/1288/3096 931/1290/3097 943/1275/3089
f 931/1290/3097 932/1292/3098 943/1275/3089
f 932/1292/3098 933/1293/3099 943/1275/3089
f 933/1293/3099 934/1291/3100 943/1275/3089
f 934/1291/3100 935/1289/3101 943/1275/3089
f 935/1289/3101 936/1287/3102 943/1275/3089
f 936/1287/3102 937/1285/3103 943/1275/3089
f 937/1285/3103 938/1283/3104 943/1275/3089
f 938/1283/3104 939/1281/3105 943/1275/3089
f 939/1281/3105 940/1279/3106 943/1275/3089
f 940/1279/3106 941/1277/3107 943/1275/3089
f 941/1277/3107 922/1273/3087 943/1275/3089
s 12
f 968/1856/3108 969/1857/3109 945/1858/696 944/1859/695
s 16
f 946/1860/909 945/1858/908 969/1857/3110 970/1861/3111
s 19
f 947/1862/1088 946/1860/1087 970/1861/3112 971/1863/3113
s 1
f 948/1864/453 947/1862/452 971/1863/3114 972/1865/3115
s 17
f 949/1866/972 948/1864/971 972/1865/3116 973/1867/3117
s 13
f 950/1868/733 949/1866/732 973/1867/3118 974/1869/3119
s 5
f 974/188/3120 975/184/3121 951/183/468 950/189/467
s 42
f 952/177/2254 951/183/2253 975/184/3122 976/167/3123
s 3
f 976/167/3124 977/166/3125 953/176/460 952/177/459
s 9
f 954/180/501 953/176/500 977/166/3126 978/174/3127
s 43
f 978/1880/3128 979/1877/3129 955/1876/2265 954/1881/2264
s 4
f 956/1873/465 955/1876/464 979/1877/3130 980/1870/3131
s 14
f 980/1870/3132 981/1871/3133 957/1872/744 956/1873/743
s 18
f 958/1874/984 957/1872/983 981/1871/3134 982/1875/3135
s 2
f 959/1878/457 958/1874/456 982/1875/3136 983/1879/3137
s 20
f 960/1882/1100 959/1878/1099 983/1879/3138 984/1883/3139
s 15
f 961/1884/897 960/1882/896 984/1883/3140 985/1885/3141
s 11
f 962/1886/685 961/1884/684 985/1885/3142 986/1887/3143
s 40
f 986/1887/3144 987/1888/3145 963/1889/2105 962/1886/2104
s 8
f 964/1890/481 963/1889/480 987/1888/3146 988/1891/3147
s 10
f 988/206/3148 989/197/3149 965/205/508 964/214/507
s 6
f 989/197/3150 990/196/3151 966/204/472 965/205/471
s 7
f 990/196/3152 991/210/3153 967/211/476 966/204/475
s 39
f 944/217/2094 967/211/2093 991/210/3154 968/218/3155
s 12
f 113/1294/3156 207/1295/3157 969/1296/3109 968/1297/3108
s 16
f 970/1300/3111 969/1296/3110 207/1295/3158 282/1301/3159
s 19
f 971/1305/3113 970/1300/3112 282/1301/3160 239/1306/3161
s 1
f 972/1310/3115 971/1305/3114 239/1306/3162 252/1311/3163
s 17
f 973/1313/3117 972/1310/3116 252/1311/3164 208/1314/3165
s 13
f 974/1316/3119 973/1313/3118 208/1314/3166 114/1317/3167
s 5
f 114/1317/3168 584/1319/3169 975/1320/3121 974/1316/3120
s 42
f 976/1321/3123 975/1320/3122 584/1319/3170 117/1322/3171
s 3
f 117/163/3172 118/162/3173 977/166/3125 976/167/3124
s 9
f 978/174/3127 977/166/3126 118/162/3174 133/175/3175
s 43
f 133/782/3176 588/775/3177 979/780/3129 978/786/3128
s 4
f 980/774/3131 979/780/3130 588/775/3178 129/769/3179
s 14
f 129/769/3180 199/762/3181 981/770/3133 980/774/3132
s 18
f 982/767/3135 981/770/3134 199/762/3182 256/758/3183
s 2
f 983/766/3137 982/767/3136 256/758/3184 235/761/3185
s 20
f 984/773/3139 983/766/3138 235/761/3186 286/765/3187
s 15
f 985/779/3141 984/773/3140 286/765/3188 200/772/3189
s 11
f 986/785/3143 985/779/3142 200/772/3190 130/778/3191
s 40
f 130/778/3192 545/784/3193 987/789/3145 986/785/3144
s 8
f 988/790/3147 987/789/3146 545/784/3194 135/788/3195
s 10
f 120/193/3196 989/197/3149 988/206/3148 135/207/3197
s 6
f 120/193/3198 119/192/3199 990/196/3151 989/197/3150
s 7
f 119/1307/3200 541/1303/3201 991/1302/3153 990/1308/3152
s 39
f 968/1297/3155 991/1302/3154 541/1303/3202 113/1294/3203
s 60
f 784/1188/3204 993/1917/3205 992/1916/2943 856/1186/2942
f 852/1190/3206 994/1918/3207 993/1917/3205 784/1188/3204
s 76
f 998/1922/3208 999/1923/3209 1000/1924/3210 1001/1925/3211
f 999/1923/3209 1002/1926/3212 1003/1927/3213 1000/1924/3210
s 60
f 844/1192/2915 847/1193/2914 997/1921/2930 994/1918/3207
f 851/1185/2939 995/1919/2812 859/1187/2815
f 844/1192/2915 994/1918/3207 852/1190/3206
f 848/1184/2938 992/1916/2943 995/1919/2812 851/1185/2939
s 77
f 992/1916/3214 993/1917/3215 999/1923/3216 998/1922/3217
s 78
f 996/1920/3218 995/1919/3219 1001/1925/3220 1000/1924/3221
s off
f 995/1919/3222 992/1916/3223 998/1922/3224 1001/1925/3225
s 77
f 993/1917/3215 994/1918/3226 1002/1926/3227 999/1923/3216
s off
f 994/1918/3228 997/1921/3229 1003/1927/3230 1002/1926/3231
s 78
f 997/1921/3232 996/1920/3218 1000/1924/3221 1003/1927/3233
s 58
f 1005/1929/3234 1004/1928/2926 853/1149/2927 787/1147/3235
f 1006/1930/3236 1005/1929/3234 787/1147/3235 857/1145/3237
s 79
f 1011/1934/3238 1010/1935/3239 1012/1936/3240 1013/1937/3241
f 1014/1938/3242 1011/1934/3238 1013/1937/3241 1015/1939/3243
s 80
f 1008/1932/3244 1007/1931/3245 1010/1935/3246 1011/1934/3247
s off
f 1007/1931/3248 1004/1928/3249 1012/1936/3250 1010/1935/3251
s 81
f 1004/1928/3252 1005/1929/3253 1013/1937/3254 1012/1936/3255
s 80
f 1009/1933/3256 1008/1932/3244 1011/1934/3247 1014/1938/3257
s 81
f 1005/1929/3253 1006/1930/3258 1015/1939/3259 1013/1937/3254
s off
f 1006/1930/3260 1009/1933/3261 1014/1938/3262 1015/1939/3263
s 58
f 849/1143/2935 1006/1930/3236 857/1145/3237
f 846/1150/2911 845/1151/2910 1004/1928/2926 1007/1931/2941
f 846/1150/2911 1007/1931/2941 854/1148/2940
f 850/1142/2934 1009/1933/2822 1006/1930/3236 849/1143/2935
